REF_AREA_LABEL,SEX_LABEL,AGE_LABEL,URBANISATION_LABEL,TIME_PERIOD,OBS_VALUE
Albania,Total,15 to 29 years old,Total,2020,99.4979019165039
Albania,Male,All age ranges or no breakdown by age,Total,2020,79.65440368652344
Albania,Total,60 years old and over,Total,2018,75.26861572265625
Albania,Male,All age ranges or no breakdown by age,Total,2018,77.26959228515625
Albania,Total,All age ranges or no breakdown by age,Total,2018,76.53575897216797
Albania,Total,15 to 29 years old,Total,2018,98.44678497314452
Albania,Female,All age ranges or no breakdown by age,Total,2018,75.78456115722656
Albania,Total,30 to 59 years old,Total,2018,97.27352142333984
Albania,Total,All age ranges or no breakdown by age,Total,2020,78.66586303710938
Albania,Total,30 to 59 years old,Total,2020,98.82536315917967
Albania,Female,All age ranges or no breakdown by age,Total,2020,77.68402862548828
Albania,Total,25 years old and over,Total,2018,90.5635986328125
Albania,Total,15 to 24 years old,Total,2020,99.60205841064452
Albania,Total,25 years old and over,Total,2020,92.8421859741211
Albania,Total,15 to 24 years old,Total,2018,98.77352905273438
Albania,Total,60 years old and over,Total,2020,80.52619171142578
Angola,Total,30 to 59 years old,Total,2018,48.64976119995117
Angola,Total,All age ranges or no breakdown by age,Urban area,2018,48.12826919555664
Angola,Total,25 years old and over,Total,2018,48.4918327331543
Angola,Female,All age ranges or no breakdown by age,Total,2018,30.538236618041992
Angola,Total,All age ranges or no breakdown by age,Total,2018,35.48309326171875
Angola,Total,15 to 24 years old,Total,2018,69.98311614990234
Angola,Total,15 to 29 years old,Total,2018,69.03185272216797
Angola,Male,All age ranges or no breakdown by age,Total,2018,40.85115051269531
Angola,Total,60 years old and over,Total,2018,15.508219718933104
Angola,Total,All age ranges or no breakdown by age,Rural area,2018,15.172322273254396
"Egypt, Arab Rep.",Total,60 years old and over,Total,2019,36.345584869384766
"Egypt, Arab Rep.",Total,All age ranges or no breakdown by age,Urban area,2017,67.60767364501953
"Egypt, Arab Rep.",Total,All age ranges or no breakdown by age,Rural area,2017,54.02970123291016
"Egypt, Arab Rep.",Total,All age ranges or no breakdown by age,Total,2017,59.92151641845703
"Egypt, Arab Rep.",Total,25 years old and over,Total,2017,62.03522109985352
"Egypt, Arab Rep.",Total,30 to 59 years old,Total,2019,68.9000015258789
"Egypt, Arab Rep.",Total,All age ranges or no breakdown by age,Total,2019,61.83407211303711
"Egypt, Arab Rep.",Total,All age ranges or no breakdown by age,Rural area,2019,57.20170593261719
"Egypt, Arab Rep.",Total,15 to 24 years old,Total,2019,92.29741668701172
"Egypt, Arab Rep.",Total,30 to 59 years old,Total,2017,65.51615905761719
"Egypt, Arab Rep.",Female,All age ranges or no breakdown by age,Total,2019,58.23401641845703
"Egypt, Arab Rep.",Male,All age ranges or no breakdown by age,Total,2019,65.45899200439453
"Egypt, Arab Rep.",Total,15 to 24 years old,Total,2017,92.1701431274414
"Egypt, Arab Rep.",Total,60 years old and over,Total,2017,37.01283645629883
"Egypt, Arab Rep.",Total,15 to 29 years old,Total,2019,91.54061889648438
"Egypt, Arab Rep.",Total,25 years old and over,Total,2019,65.81874084472656
"Egypt, Arab Rep.",Total,All age ranges or no breakdown by age,Urban area,2019,68.15877532958984
"Egypt, Arab Rep.",Male,All age ranges or no breakdown by age,Total,2017,64.39073181152344
"Egypt, Arab Rep.",Female,All age ranges or no breakdown by age,Total,2017,55.35931015014648
"Egypt, Arab Rep.",Total,15 to 29 years old,Total,2017,90.6882553100586
Argentina,Total,15 to 29 years old,Total,2018,97.27330780029295
Argentina,Female,All age ranges or no breakdown by age,Total,2018,77.64340209960938
Argentina,Total,All age ranges or no breakdown by age,Urban area,2018,76.45407104492188
Argentina,Female,All age ranges or no breakdown by age,Total,2021,77.40447998046875
Argentina,Total,25 years old and over,Total,2021,94.06531524658205
Argentina,Total,60 years old and over,Total,2021,88.06513214111328
Argentina,Male,All age ranges or no breakdown by age,Total,2021,75.58151245117188
Argentina,Total,15 to 24 years old,Total,2021,97.622314453125
Argentina,Total,15 to 29 years old,Total,2021,97.49506378173828
Argentina,Total,All age ranges or no breakdown by age,Urban area,2021,76.51880645751953
Argentina,Total,60 years old and over,Total,2018,86.35426330566406
Argentina,Total,25 years old and over,Total,2018,92.93257904052734
Argentina,Total,All age ranges or no breakdown by age,Total,2021,76.51880645751953
Argentina,Male,All age ranges or no breakdown by age,Total,2018,75.16197204589844
Argentina,Total,30 to 59 years old,Total,2021,95.998291015625
Argentina,Total,15 to 24 years old,Total,2018,97.43118286132812
Argentina,Total,30 to 59 years old,Total,2018,95.30679321289062
Argentina,Total,All age ranges or no breakdown by age,Total,2018,76.45407104492188
Armenia,Total,30 to 59 years old,Total,2018,99.79539489746094
Armenia,Total,All age ranges or no breakdown by age,Urban area,2018,94.0445327758789
Armenia,Total,25 years old and over,Total,2021,99.79141235351562
Armenia,Total,60 years old and over,Total,2018,99.37020874023438
Armenia,Total,All age ranges or no breakdown by age,Urban area,2021,93.79047393798828
Armenia,Female,All age ranges or no breakdown by age,Total,2021,94.75987243652344
Armenia,Total,All age ranges or no breakdown by age,Rural area,2018,94.0097427368164
Armenia,Total,All age ranges or no breakdown by age,Rural area,2021,93.11487579345705
Armenia,Total,All age ranges or no breakdown by age,Total,2021,93.51140594482422
Armenia,Male,All age ranges or no breakdown by age,Total,2018,93.57098388671876
Armenia,Total,60 years old and over,Total,2021,99.8733139038086
Armenia,Total,All age ranges or no breakdown by age,Total,2018,94.03101348876952
Armenia,Female,All age ranges or no breakdown by age,Total,2018,94.44393157958984
Armenia,Total,15 to 29 years old,Total,2018,99.77401733398438
Armenia,Total,15 to 24 years old,Total,2021,99.7071304321289
Armenia,Total,25 years old and over,Total,2018,99.66107940673828
Armenia,Total,15 to 29 years old,Total,2021,99.75617218017578
Armenia,Male,All age ranges or no breakdown by age,Total,2021,91.96168518066406
Armenia,Total,15 to 24 years old,Total,2018,99.7914581298828
Armenia,Total,30 to 59 years old,Total,2021,99.73745727539062
Bangladesh,Total,15 to 29 years old,Total,2016,88.6787338256836
Bangladesh,Male,All age ranges or no breakdown by age,Total,2016,65.5042953491211
Bangladesh,Total,15 to 24 years old,Total,2016,89.71490478515625
Bangladesh,Total,30 to 59 years old,Total,2016,78.79029846191406
Bangladesh,Total,60 years old and over,Total,2016,71.58210754394531
Bangladesh,Total,All age ranges or no breakdown by age,Total,2016,66.49495697021484
Bangladesh,Total,All age ranges or no breakdown by age,Rural area,2016,63.861572265625
Bangladesh,Total,All age ranges or no breakdown by age,Urban area,2016,72.9148178100586
Bangladesh,Total,25 years old and over,Total,2016,80.12824249267578
Bangladesh,Female,All age ranges or no breakdown by age,Total,2016,67.51920318603516
Belarus,Total,15 to 24 years old,Total,2018,85.2798080444336
Belarus,Total,25 years old and over,Total,2018,98.8686752319336
Belarus,Total,15 to 29 years old,Total,2018,90.86367797851562
Belarus,Male,All age ranges or no breakdown by age,Total,2018,97.8189697265625
Belarus,Total,All age ranges or no breakdown by age,Total,2018,97.41012573242188
Belarus,Total,30 to 59 years old,Total,2018,99.80728912353516
Belarus,Total,60 years old and over,Total,2018,96.74107360839844
Belarus,Total,All age ranges or no breakdown by age,Urban area,2018,97.6159210205078
Belarus,Total,All age ranges or no breakdown by age,Rural area,2018,96.82736206054688
Belarus,Female,All age ranges or no breakdown by age,Total,2018,97.11744689941406
Benin,Total,All age ranges or no breakdown by age,Rural area,2018,15.612508773803713
Benin,Total,60 years old and over,Total,2018,11.113829612731934
Benin,Total,15 to 29 years old,Total,2018,46.538516998291016
Benin,Female,All age ranges or no breakdown by age,Total,2018,17.41086769104004
Benin,Total,30 to 59 years old,Total,2018,21.01798439025879
Benin,Male,All age ranges or no breakdown by age,Total,2018,26.57032012939453
Benin,Total,All age ranges or no breakdown by age,Urban area,2018,29.64227867126465
Benin,Total,All age ranges or no breakdown by age,Total,2018,21.89683151245117
Benin,Total,25 years old and over,Total,2018,22.643648147583008
Benin,Total,15 to 24 years old,Total,2018,51.10226440429688
Bhutan,Total,All age ranges or no breakdown by age,Rural area,2017,34.00482940673828
Bhutan,Total,15 to 29 years old,Total,2017,73.33903503417969
Bhutan,Total,All age ranges or no breakdown by age,Urban area,2017,56.570499420166016
Bhutan,Total,25 years old and over,Total,2017,54.4300422668457
Bhutan,Male,All age ranges or no breakdown by age,Total,2017,42.04310607910156
Bhutan,Total,30 to 59 years old,Total,2017,47.94572830200195
Bhutan,Total,60 years old and over,Total,2017,24.38928985595703
Bhutan,Total,All age ranges or no breakdown by age,Total,2017,43.45356369018555
Bhutan,Total,15 to 24 years old,Total,2017,73.92385864257812
Bhutan,Female,All age ranges or no breakdown by age,Total,2017,45.05708694458008
Bolivia,Total,15 to 29 years old,Total,2018,92.7732391357422
Bolivia,Male,All age ranges or no breakdown by age,Total,2021,62.25886535644531
Bolivia,Total,All age ranges or no breakdown by age,Total,2021,59.74923324584961
Bolivia,Total,25 years old and over,Total,2021,63.71335220336914
Bolivia,Total,25 years old and over,Total,2018,59.11373519897461
Bolivia,Male,All age ranges or no breakdown by age,Total,2018,59.9057846069336
Bolivia,Total,15 to 24 years old,Total,2021,98.1533203125
Bolivia,Total,30 to 59 years old,Total,2021,67.62185668945312
Bolivia,Total,All age ranges or no breakdown by age,Rural area,2021,42.77660369873047
Bolivia,Total,60 years old and over,Total,2018,30.951045989990234
Bolivia,Total,15 to 29 years old,Total,2021,95.422119140625
Bolivia,Total,15 to 24 years old,Total,2018,95.1227035522461
Bolivia,Female,All age ranges or no breakdown by age,Total,2021,57.306678771972656
Bolivia,Total,All age ranges or no breakdown by age,Urban area,2021,66.83467102050781
Bolivia,Total,All age ranges or no breakdown by age,Rural area,2018,36.26420974731445
Bolivia,Total,All age ranges or no breakdown by age,Total,2018,56.563758850097656
Bolivia,Total,30 to 59 years old,Total,2018,63.03386688232422
Bolivia,Total,All age ranges or no breakdown by age,Urban area,2018,65.47472381591797
Bolivia,Female,All age ranges or no breakdown by age,Total,2018,53.345985412597656
Bolivia,Total,60 years old and over,Total,2021,33.800392150878906
Botswana,Total,All age ranges or no breakdown by age,Total,2015,59.06944274902344
Botswana,Total,15 to 24 years old,Total,2015,94.4611587524414
Botswana,Total,25 years old and over,Total,2015,73.89293670654297
Botswana,Total,60 years old and over,Total,2015,23.267549514770508
Botswana,Female,All age ranges or no breakdown by age,Total,2015,60.81602478027344
Botswana,Total,15 to 29 years old,Total,2015,94.24783325195312
Botswana,Total,All age ranges or no breakdown by age,Urban area,2015,66.6519546508789
Botswana,Total,All age ranges or no breakdown by age,Rural area,2015,44.878265380859375
Botswana,Male,All age ranges or no breakdown by age,Total,2015,57.08522033691406
Botswana,Total,30 to 59 years old,Total,2015,79.90596008300781
Brazil,Female,All age ranges or no breakdown by age,Total,2018,53.97234725952149
Brazil,Male,All age ranges or no breakdown by age,Total,2018,49.74026107788086
Brazil,Total,15 to 29 years old,Total,2021,85.88075256347656
Brazil,Total,All age ranges or no breakdown by age,Rural area,2021,34.656211853027344
Brazil,Total,All age ranges or no breakdown by age,Urban area,2018,55.65645217895508
Brazil,Total,15 to 24 years old,Total,2021,84.6687240600586
Brazil,Total,30 to 59 years old,Total,2018,66.04174041748047
Brazil,Total,15 to 24 years old,Total,2018,81.8609619140625
Brazil,Total,25 years old and over,Total,2018,60.52092361450195
Brazil,Male,All age ranges or no breakdown by age,Total,2021,53.85688400268555
Brazil,Total,30 to 59 years old,Total,2021,71.47930908203125
Brazil,Total,15 to 29 years old,Total,2018,82.80778503417969
Brazil,Total,All age ranges or no breakdown by age,Total,2021,55.49864196777344
Brazil,Total,25 years old and over,Total,2021,66.26134490966797
Brazil,Total,All age ranges or no breakdown by age,Total,2018,51.92927551269531
Brazil,Total,60 years old and over,Total,2021,39.62741470336914
Brazil,Female,All age ranges or no breakdown by age,Total,2021,57.0688362121582
Brazil,Total,All age ranges or no breakdown by age,Urban area,2021,58.87701416015625
Brazil,Total,All age ranges or no breakdown by age,Rural area,2018,29.76586532592773
Brazil,Total,60 years old and over,Total,2018,34.16089630126953
Burkina Faso,Male,All age ranges or no breakdown by age,Total,2018,17.085529327392578
Burkina Faso,Total,15 to 24 years old,Total,2018,39.77266693115234
Burkina Faso,Total,30 to 59 years old,Total,2018,14.384639739990234
Burkina Faso,Total,All age ranges or no breakdown by age,Urban area,2018,37.380279541015625
Burkina Faso,Female,All age ranges or no breakdown by age,Total,2018,13.809248924255373
Burkina Faso,Total,25 years old and over,Total,2018,15.153725624084473
Burkina Faso,Total,All age ranges or no breakdown by age,Rural area,2018,7.564021587371826
Burkina Faso,Total,15 to 29 years old,Total,2018,35.89362335205078
Burkina Faso,Total,All age ranges or no breakdown by age,Total,2018,15.383524894714355
Burkina Faso,Total,60 years old and over,Total,2018,5.247073650360107
Cabo Verde,Total,All age ranges or no breakdown by age,Rural area,2015,42.57471084594727
Cabo Verde,Total,All age ranges or no breakdown by age,Total,2015,51.51387405395508
Cabo Verde,Total,15 to 29 years old,Total,2015,90.9843292236328
Cabo Verde,Total,30 to 59 years old,Total,2015,52.50541687011719
Cabo Verde,Total,25 years old and over,Total,2015,51.15237808227539
Cabo Verde,Total,All age ranges or no breakdown by age,Urban area,2015,56.505279541015625
Cabo Verde,Total,15 to 24 years old,Total,2015,92.26358795166016
Cabo Verde,Female,All age ranges or no breakdown by age,Total,2015,49.563594818115234
Cabo Verde,Male,All age ranges or no breakdown by age,Total,2015,53.66508483886719
Cabo Verde,Total,60 years old and over,Total,2015,10.83975315093994
Chad,Total,15 to 29 years old,Total,2018,26.431808471679688
Chad,Female,All age ranges or no breakdown by age,Total,2018,7.372706413269043
Chad,Total,25 years old and over,Total,2018,13.896322250366213
Chad,Total,All age ranges or no breakdown by age,Urban area,2018,24.146223068237305
Chad,Total,All age ranges or no breakdown by age,Rural area,2018,6.098074913024902
Chad,Male,All age ranges or no breakdown by age,Total,2018,14.093403816223145
Chad,Total,30 to 59 years old,Total,2018,13.678622245788574
Chad,Total,60 years old and over,Total,2018,4.138615131378174
Chad,Total,15 to 24 years old,Total,2018,28.33883476257324
Chad,Total,All age ranges or no breakdown by age,Total,2018,10.57673168182373
Chile,Female,All age ranges or no breakdown by age,Total,2017,70.3099594116211
Chile,Total,15 to 24 years old,Total,2017,95.5835418701172
Chile,Total,30 to 59 years old,Total,2017,88.48802185058594
Chile,Male,All age ranges or no breakdown by age,Total,2017,69.0246353149414
Chile,Total,15 to 29 years old,Total,2017,96.2226333618164
Chile,Total,All age ranges or no breakdown by age,Rural area,2020,61.060203552246094
Chile,Total,30 to 59 years old,Total,2020,91.53814697265624
Chile,Total,15 to 24 years old,Total,2020,96.52002716064452
Chile,Total,25 years old and over,Total,2017,83.54041290283203
Chile,Female,All age ranges or no breakdown by age,Total,2020,72.58351135253906
Chile,Total,60 years old and over,Total,2020,68.995849609375
Chile,Male,All age ranges or no breakdown by age,Total,2020,70.5844497680664
Chile,Total,All age ranges or no breakdown by age,Urban area,2020,73.02436065673828
Chile,Total,All age ranges or no breakdown by age,Rural area,2017,56.33169555664063
Chile,Total,15 to 29 years old,Total,2020,96.96077728271484
Chile,Total,60 years old and over,Total,2017,67.97789001464844
Chile,Total,All age ranges or no breakdown by age,Total,2017,69.69788360595703
Chile,Total,All age ranges or no breakdown by age,Total,2020,71.6640625
Chile,Total,All age ranges or no breakdown by age,Urban area,2017,71.63433074951172
Chile,Total,25 years old and over,Total,2020,85.56944274902344
Colombia,Male,All age ranges or no breakdown by age,Total,2021,74.27876281738281
Colombia,Male,All age ranges or no breakdown by age,Total,2018,72.24597930908203
Colombia,Total,15 to 24 years old,Total,2018,96.43299102783205
Colombia,Total,All age ranges or no breakdown by age,Urban area,2018,78.32402801513672
Colombia,Total,60 years old and over,Total,2021,60.32757568359375
Colombia,Female,All age ranges or no breakdown by age,Total,2021,76.51576232910156
Colombia,Total,All age ranges or no breakdown by age,Total,2021,75.41441345214844
Colombia,Total,15 to 24 years old,Total,2021,97.41211700439452
Colombia,Total,All age ranges or no breakdown by age,Rural area,2018,55.97039031982422
Colombia,Total,All age ranges or no breakdown by age,Rural area,2021,60.88775253295898
Colombia,Total,60 years old and over,Total,2018,55.63564300537109
Colombia,Total,30 to 59 years old,Total,2018,83.48027801513672
Colombia,Total,30 to 59 years old,Total,2021,86.35899353027344
Colombia,Total,15 to 29 years old,Total,2021,96.89484405517578
Colombia,Total,15 to 29 years old,Total,2018,95.58360290527344
Colombia,Total,All age ranges or no breakdown by age,Urban area,2021,79.46912384033203
Colombia,Total,25 years old and over,Total,2018,78.93624114990234
Colombia,Female,All age ranges or no breakdown by age,Total,2018,74.42369842529297
Colombia,Total,25 years old and over,Total,2021,81.71306610107422
Colombia,Total,All age ranges or no breakdown by age,Total,2018,73.3508529663086
Costa Rica,Total,60 years old and over,Total,2018,64.62911224365234
Costa Rica,Total,All age ranges or no breakdown by age,Total,2018,71.57623291015625
Costa Rica,Total,60 years old and over,Total,2021,71.23570251464844
Costa Rica,Male,All age ranges or no breakdown by age,Total,2018,71.0020751953125
Costa Rica,Total,All age ranges or no breakdown by age,Total,2021,74.79187774658203
Costa Rica,Male,All age ranges or no breakdown by age,Total,2021,74.4543228149414
Costa Rica,Female,All age ranges or no breakdown by age,Total,2021,75.1052474975586
Costa Rica,Total,All age ranges or no breakdown by age,Urban area,2018,74.73065185546875
Costa Rica,Total,30 to 59 years old,Total,2018,85.86676025390625
Costa Rica,Total,15 to 29 years old,Total,2021,97.27899932861328
Costa Rica,Total,15 to 24 years old,Total,2018,96.85814666748048
Costa Rica,Female,All age ranges or no breakdown by age,Total,2018,72.12041473388672
Costa Rica,Total,25 years old and over,Total,2021,83.95054626464844
Costa Rica,Total,All age ranges or no breakdown by age,Urban area,2021,77.9846420288086
Costa Rica,Total,All age ranges or no breakdown by age,Rural area,2018,63.33705139160156
Costa Rica,Total,15 to 24 years old,Total,2021,98.0014877319336
Costa Rica,Total,30 to 59 years old,Total,2021,87.6712417602539
Costa Rica,Total,15 to 29 years old,Total,2018,95.83368682861328
Costa Rica,Total,All age ranges or no breakdown by age,Rural area,2021,66.36620330810547
Costa Rica,Total,25 years old and over,Total,2018,81.39834594726562
Cote d'Ivoire,Total,25 years old and over,Total,2018,26.91098403930664
Cote d'Ivoire,Total,All age ranges or no breakdown by age,Urban area,2018,36.40640258789063
Cote d'Ivoire,Total,60 years old and over,Total,2018,17.347558975219727
Cote d'Ivoire,Male,All age ranges or no breakdown by age,Total,2018,28.87973403930664
Cote d'Ivoire,Total,15 to 29 years old,Total,2018,44.15904235839844
Cote d'Ivoire,Total,30 to 59 years old,Total,2018,26.45539665222168
Cote d'Ivoire,Female,All age ranges or no breakdown by age,Total,2018,20.125093460083008
Cote d'Ivoire,Total,All age ranges or no breakdown by age,Rural area,2018,11.823057174682615
Cote d'Ivoire,Total,15 to 24 years old,Total,2018,48.304325103759766
Cote d'Ivoire,Total,All age ranges or no breakdown by age,Total,2018,24.43253326416016
Djibouti,Total,25 years old and over,Total,2017,38.184547424316406
Djibouti,Total,All age ranges or no breakdown by age,Rural area,2017,14.97647190093994
Djibouti,Total,30 to 59 years old,Total,2017,32.84215545654297
Djibouti,Male,All age ranges or no breakdown by age,Total,2017,55.97875595092773
Djibouti,Total,All age ranges or no breakdown by age,Total,2017,47.74948501586914
Djibouti,Total,15 to 29 years old,Total,2017,69.7442626953125
Djibouti,Total,All age ranges or no breakdown by age,Urban area,2017,52.82935333251953
Djibouti,Female,All age ranges or no breakdown by age,Total,2017,39.8083610534668
Djibouti,Total,15 to 24 years old,Total,2017,74.58673095703125
Ecuador,Male,All age ranges or no breakdown by age,Total,2021,75.56342315673828
Ecuador,Total,All age ranges or no breakdown by age,Urban area,2021,78.81515502929688
Ecuador,Total,60 years old and over,Total,2018,60.92438507080078
Ecuador,Total,All age ranges or no breakdown by age,Total,2018,73.0071792602539
Ecuador,Total,15 to 29 years old,Total,2018,96.27547454833984
Ecuador,Female,All age ranges or no breakdown by age,Total,2018,72.15095520019531
Ecuador,Total,15 to 24 years old,Total,2018,96.64460754394533
Ecuador,Total,All age ranges or no breakdown by age,Total,2021,75.5996322631836
Ecuador,Total,30 to 59 years old,Total,2018,87.64622497558594
Ecuador,Total,15 to 29 years old,Total,2021,98.35364532470705
Ecuador,Total,All age ranges or no breakdown by age,Rural area,2018,62.91032409667969
Ecuador,Total,30 to 59 years old,Total,2021,90.10275268554688
Ecuador,Total,60 years old and over,Total,2021,63.412071228027344
Ecuador,Total,All age ranges or no breakdown by age,Urban area,2018,77.70368957519531
Ecuador,Male,All age ranges or no breakdown by age,Total,2018,73.8988037109375
Ecuador,Total,25 years old and over,Total,2021,84.74073791503906
Ecuador,Total,15 to 24 years old,Total,2021,98.88655090332033
Ecuador,Total,All age ranges or no breakdown by age,Rural area,2021,68.63140106201172
Ecuador,Female,All age ranges or no breakdown by age,Total,2021,75.63489532470703
Ecuador,Total,25 years old and over,Total,2018,82.33875274658203
Ethiopia,Female,All age ranges or no breakdown by age,Total,2015,12.403470039367676
Ethiopia,Male,All age ranges or no breakdown by age,Total,2015,16.3889217376709
Ethiopia,Total,25 years old and over,Total,2015,15.622541427612305
Ethiopia,Total,All age ranges or no breakdown by age,Total,2015,14.361159324645996
Ethiopia,Total,15 to 29 years old,Total,2015,32.43719482421875
Ethiopia,Total,60 years old and over,Total,2015,3.081717014312744
Ethiopia,Total,All age ranges or no breakdown by age,Urban area,2015,42.959999084472656
Ethiopia,Total,All age ranges or no breakdown by age,Rural area,2015,7.287878513336182
Ethiopia,Total,15 to 24 years old,Total,2015,33.02957534790039
Ethiopia,Total,30 to 59 years old,Total,2015,13.705560684204102
North Macedonia,Male,All age ranges or no breakdown by age,Total,2020,97.14422607421876
North Macedonia,Total,15 to 24 years old,Total,2018,87.02151489257812
North Macedonia,Total,15 to 24 years old,Total,2020,89.1353988647461
North Macedonia,Total,All age ranges or no breakdown by age,Urban area,2020,96.83438873291016
North Macedonia,Total,All age ranges or no breakdown by age,Rural area,2018,95.47643280029295
North Macedonia,Total,All age ranges or no breakdown by age,Total,2020,96.29583740234376
North Macedonia,Total,All age ranges or no breakdown by age,Urban area,2018,97.06961822509766
North Macedonia,Total,30 to 59 years old,Total,2018,99.05259704589844
North Macedonia,Total,25 years old and over,Total,2020,97.33291625976562
North Macedonia,Male,All age ranges or no breakdown by age,Total,2018,97.02011108398438
North Macedonia,Total,15 to 29 years old,Total,2018,91.7513427734375
North Macedonia,Total,All age ranges or no breakdown by age,Total,2018,96.31741333007812
North Macedonia,Total,All age ranges or no breakdown by age,Rural area,2020,95.67073059082033
North Macedonia,Total,60 years old and over,Total,2018,94.7207489013672
North Macedonia,Total,15 to 29 years old,Total,2020,93.10145568847656
North Macedonia,Total,30 to 59 years old,Total,2020,98.54914855957033
North Macedonia,Female,All age ranges or no breakdown by age,Total,2018,95.61904907226562
North Macedonia,Total,60 years old and over,Total,2020,94.40660095214844
North Macedonia,Female,All age ranges or no breakdown by age,Total,2020,95.4531478881836
North Macedonia,Total,25 years old and over,Total,2018,97.80525970458984
Gabon,Total,15 to 29 years old,Total,2017,82.64446258544922
Gabon,Total,All age ranges or no breakdown by age,Rural area,2017,47.68365478515625
Gabon,Female,All age ranges or no breakdown by age,Total,2017,57.57248306274414
Gabon,Male,All age ranges or no breakdown by age,Total,2017,58.14111709594727
Gabon,Total,All age ranges or no breakdown by age,Total,2017,57.84570693969727
Gabon,Total,60 years old and over,Total,2017,38.72624588012695
Gabon,Total,30 to 59 years old,Total,2017,69.80541229248047
Gabon,Total,All age ranges or no breakdown by age,Urban area,2017,60.00776290893555
Gabon,Total,15 to 24 years old,Total,2017,83.34373474121094
Gabon,Total,25 years old and over,Total,2017,68.46426391601562
Georgia,Total,15 to 29 years old,Total,2018,99.40216064453124
Georgia,Total,15 to 24 years old,Total,2018,99.55241394042967
Georgia,Total,15 to 24 years old,Total,2021,99.64813232421876
Georgia,Total,60 years old and over,Total,2021,99.46434783935548
Georgia,Total,All age ranges or no breakdown by age,Rural area,2021,99.31266021728516
Georgia,Total,25 years old and over,Total,2018,99.24827575683594
Georgia,Total,15 to 29 years old,Total,2021,99.70458984375
Georgia,Male,All age ranges or no breakdown by age,Total,2021,99.6695556640625
Georgia,Total,All age ranges or no breakdown by age,Total,2021,99.6149673461914
Georgia,Female,All age ranges or no breakdown by age,Total,2021,99.56770324707033
Georgia,Total,All age ranges or no breakdown by age,Urban area,2018,99.56990051269533
Georgia,Total,All age ranges or no breakdown by age,Urban area,2021,99.81529998779295
Georgia,Total,25 years old and over,Total,2021,99.6102066040039
Georgia,Total,30 to 59 years old,Total,2018,99.4990005493164
Georgia,Total,30 to 59 years old,Total,2021,99.67469787597656
Georgia,Total,60 years old and over,Total,2018,98.82443237304688
Georgia,Total,All age ranges or no breakdown by age,Total,2018,99.2900390625
Georgia,Total,All age ranges or no breakdown by age,Rural area,2018,98.89290618896484
Georgia,Male,All age ranges or no breakdown by age,Total,2018,99.3914031982422
Georgia,Female,All age ranges or no breakdown by age,Total,2018,99.20372009277344
Ghana,Male,All age ranges or no breakdown by age,Total,2016,48.017913818359375
Ghana,Total,All age ranges or no breakdown by age,Urban area,2016,54.276554107666016
Ghana,Female,All age ranges or no breakdown by age,Total,2016,41.745338439941406
Ghana,Total,All age ranges or no breakdown by age,Total,2016,44.78585815429688
Ghana,Total,All age ranges or no breakdown by age,Rural area,2016,35.07410430908203
Ghana,Total,15 to 29 years old,Total,2016,78.91802215576172
Ghana,Total,15 to 24 years old,Total,2016,80.54087829589844
Ghana,Total,30 to 59 years old,Total,2016,63.74526596069336
Ghana,Total,25 years old and over,Total,2016,61.76368713378906
Ghana,Total,60 years old and over,Total,2016,40.967864990234375
Guinea,Total,30 to 59 years old,Total,2018,18.069488525390625
Guinea,Female,All age ranges or no breakdown by age,Total,2018,11.16141414642334
Guinea,Male,All age ranges or no breakdown by age,Total,2018,19.776824951171875
Guinea,Total,15 to 24 years old,Total,2018,35.58116149902344
Guinea,Total,All age ranges or no breakdown by age,Rural area,2018,6.272511959075928
Guinea,Total,60 years old and over,Total,2018,9.294394493103027
Guinea,Total,All age ranges or no breakdown by age,Total,2018,15.220657348632812
Guinea,Total,All age ranges or no breakdown by age,Urban area,2018,31.334766387939453
Guinea,Total,25 years old and over,Total,2018,18.552227020263672
Guinea,Total,15 to 29 years old,Total,2018,32.84114456176758
Guinea-Bissau,Total,60 years old and over,Total,2018,6.314760208129883
Guinea-Bissau,Total,All age ranges or no breakdown by age,Urban area,2018,38.32535171508789
Guinea-Bissau,Male,All age ranges or no breakdown by age,Total,2018,26.37330818176269
Guinea-Bissau,Female,All age ranges or no breakdown by age,Total,2018,17.707199096679688
Guinea-Bissau,Total,All age ranges or no breakdown by age,Rural area,2018,9.07744026184082
Guinea-Bissau,Total,30 to 59 years old,Total,2018,28.182109832763672
Guinea-Bissau,Total,All age ranges or no breakdown by age,Total,2018,21.82310676574707
Guinea-Bissau,Total,15 to 24 years old,Total,2018,44.78404998779297
Guinea-Bissau,Total,25 years old and over,Total,2018,29.37081718444824
Guinea-Bissau,Total,15 to 29 years old,Total,2018,44.95700454711914
Indonesia,Female,All age ranges or no breakdown by age,Total,2018,67.858154296875
Indonesia,Male,All age ranges or no breakdown by age,Total,2018,71.48734283447266
Indonesia,Total,All age ranges or no breakdown by age,Rural area,2018,64.05648040771484
Indonesia,Total,All age ranges or no breakdown by age,Rural area,2022,83.97042083740234
Indonesia,Female,All age ranges or no breakdown by age,Total,2022,86.18909454345703
Indonesia,Total,All age ranges or no breakdown by age,Urban area,2022,90.3507080078125
Indonesia,Total,15 to 29 years old,Total,2018,94.67298126220705
Indonesia,Total,60 years old and over,Total,2022,58.96051025390625
Indonesia,Total,25 years old and over,Total,2022,84.04269409179688
Indonesia,Total,All age ranges or no breakdown by age,Total,2018,69.6783218383789
Indonesia,Total,25 years old and over,Total,2018,78.54732513427734
Indonesia,Total,30 to 59 years old,Total,2018,82.43475341796875
Indonesia,Total,All age ranges or no breakdown by age,Urban area,2018,74.31838989257812
Indonesia,Total,60 years old and over,Total,2018,48.211158752441406
Indonesia,Total,All age ranges or no breakdown by age,Total,2022,87.64140319824219
Indonesia,Total,15 to 24 years old,Total,2018,94.7499542236328
Indonesia,Male,All age ranges or no breakdown by age,Total,2022,89.07133483886719
Indonesia,Total,15 to 24 years old,Total,2022,97.918212890625
Indonesia,Total,15 to 29 years old,Total,2022,97.2149887084961
Indonesia,Total,30 to 59 years old,Total,2022,88.17707824707031
Kazakhstan,Total,15 to 24 years old,Total,2018,83.95059204101562
Kazakhstan,Male,All age ranges or no breakdown by age,Total,2018,69.56723022460938
Kazakhstan,Total,30 to 59 years old,Total,2018,99.84993743896484
Kazakhstan,Total,60 years old and over,Total,2018,98.73165130615234
Kazakhstan,Total,25 years old and over,Total,2018,99.60162353515624
Kazakhstan,Total,All age ranges or no breakdown by age,Urban area,2018,73.85810852050781
Kazakhstan,Total,15 to 29 years old,Total,2018,89.8238754272461
Kazakhstan,Total,All age ranges or no breakdown by age,Total,2018,72.26268005371094
Kazakhstan,Total,All age ranges or no breakdown by age,Rural area,2018,70.11186218261719
Kazakhstan,Female,All age ranges or no breakdown by age,Total,2018,74.53960418701172
Kenya,Total,All age ranges or no breakdown by age,Total,2015,41.82147216796875
Kenya,Total,All age ranges or no breakdown by age,Rural area,2015,33.04901885986328
Kenya,Male,All age ranges or no breakdown by age,Total,2015,43.78898620605469
Kenya,Total,15 to 29 years old,Total,2015,72.41557312011719
Kenya,Total,60 years old and over,Total,2015,19.007211685180664
Kenya,Total,15 to 24 years old,Total,2015,70.84912109375
Kenya,Total,25 years old and over,Total,2015,57.85891342163086
Kenya,Total,30 to 59 years old,Total,2015,60.51090240478516
Kenya,Female,All age ranges or no breakdown by age,Total,2015,39.91281127929688
Kenya,Total,All age ranges or no breakdown by age,Urban area,2015,57.37789916992188
Kosovo,Female,All age ranges or no breakdown by age,Total,2017,96.39078521728516
Kosovo,Total,25 years old and over,Total,2017,97.9592056274414
Kosovo,Total,15 to 24 years old,Total,2017,99.55338287353516
Kosovo,Total,All age ranges or no breakdown by age,Total,2017,97.2996826171875
Kosovo,Male,All age ranges or no breakdown by age,Total,2017,98.19419860839844
Kosovo,Total,60 years old and over,Total,2017,94.23582458496094
Kosovo,Total,30 to 59 years old,Total,2017,99.04642486572266
Kosovo,Total,All age ranges or no breakdown by age,Urban area,2017,97.51285552978516
Kosovo,Total,All age ranges or no breakdown by age,Rural area,2017,97.15850830078124
Kosovo,Total,15 to 29 years old,Total,2017,99.43573760986328
Kyrgyz Republic,Total,All age ranges or no breakdown by age,Rural area,2020,98.99186706542967
Kyrgyz Republic,Total,15 to 29 years old,Total,2018,99.48802947998048
Kyrgyz Republic,Total,60 years old and over,Total,2020,97.3952865600586
Kyrgyz Republic,Female,All age ranges or no breakdown by age,Total,2018,86.38298797607422
Kyrgyz Republic,Total,15 to 24 years old,Total,2020,99.7638931274414
Kyrgyz Republic,Total,All age ranges or no breakdown by age,Urban area,2020,98.94213104248048
Kyrgyz Republic,Total,25 years old and over,Total,2020,99.1765365600586
Kyrgyz Republic,Total,15 to 24 years old,Total,2018,99.71163177490234
Kyrgyz Republic,Total,30 to 59 years old,Total,2018,99.79383850097656
Kyrgyz Republic,Total,All age ranges or no breakdown by age,Rural area,2018,84.95526885986328
Kyrgyz Republic,Total,All age ranges or no breakdown by age,Urban area,2018,85.89390563964844
Kyrgyz Republic,Total,60 years old and over,Total,2018,96.97966003417967
Kyrgyz Republic,Total,15 to 29 years old,Total,2020,99.59744262695312
Kyrgyz Republic,Total,All age ranges or no breakdown by age,Total,2020,98.97361755371094
Kyrgyz Republic,Total,30 to 59 years old,Total,2020,99.74551391601562
Kyrgyz Republic,Male,All age ranges or no breakdown by age,Total,2018,84.05300903320312
Kyrgyz Republic,Total,25 years old and over,Total,2018,99.15007781982422
Kyrgyz Republic,Female,All age ranges or no breakdown by age,Total,2020,98.94044494628906
Kyrgyz Republic,Male,All age ranges or no breakdown by age,Total,2020,99.0112075805664
Kyrgyz Republic,Total,All age ranges or no breakdown by age,Total,2018,85.2942886352539
Lao PDR,Male,All age ranges or no breakdown by age,Total,2018,63.893348693847656
Lao PDR,Total,60 years old and over,Total,2018,32.359256744384766
Lao PDR,Total,All age ranges or no breakdown by age,Rural area,2018,51.47884368896485
Lao PDR,Total,All age ranges or no breakdown by age,Urban area,2018,73.00934600830078
Lao PDR,Total,30 to 59 years old,Total,2018,61.302513122558594
Lao PDR,Total,15 to 29 years old,Total,2018,82.30175018310547
Lao PDR,Total,15 to 24 years old,Total,2018,85.2004165649414
Lao PDR,Female,All age ranges or no breakdown by age,Total,2018,54.01567840576172
Lao PDR,Total,25 years old and over,Total,2018,59.18446350097656
Lao PDR,Total,All age ranges or no breakdown by age,Total,2018,58.86753082275391
Lesotho,Female,All age ranges or no breakdown by age,Total,2017,54.56415939331055
Lesotho,Total,All age ranges or no breakdown by age,Rural area,2017,42.55270385742188
Lesotho,Total,25 years old and over,Total,2017,61.794193267822266
Lesotho,Total,15 to 29 years old,Total,2017,74.6090087890625
Lesotho,Male,All age ranges or no breakdown by age,Total,2017,44.26586151123047
Lesotho,Total,30 to 59 years old,Total,2017,67.19242095947266
Lesotho,Total,15 to 24 years old,Total,2017,74.03324127197266
Lesotho,Total,All age ranges or no breakdown by age,Total,2017,49.76873016357422
Lesotho,Total,All age ranges or no breakdown by age,Urban area,2017,62.355567932128906
Lesotho,Total,60 years old and over,Total,2017,28.159687042236328
Liberia,Total,60 years old and over,Total,2016,20.55772018432617
Liberia,Total,15 to 24 years old,Total,2016,56.88584518432617
Liberia,Total,All age ranges or no breakdown by age,Rural area,2016,19.064115524291992
Liberia,Total,25 years old and over,Total,2016,46.17583847045898
Liberia,Total,15 to 29 years old,Total,2016,57.93717956542969
Liberia,Total,All age ranges or no breakdown by age,Urban area,2016,45.59545516967773
Liberia,Total,30 to 59 years old,Total,2016,46.36681365966797
Liberia,Male,All age ranges or no breakdown by age,Total,2016,39.99911117553711
Liberia,Female,All age ranges or no breakdown by age,Total,2016,27.61076164245605
Liberia,Total,All age ranges or no breakdown by age,Total,2016,33.620391845703125
Malawi,Female,All age ranges or no breakdown by age,Total,2019,19.43993377685547
Malawi,Female,All age ranges or no breakdown by age,Total,2016,15.17523193359375
Malawi,Total,All age ranges or no breakdown by age,Urban area,2019,44.53464126586914
Malawi,Total,15 to 29 years old,Total,2016,33.98871994018555
Malawi,Total,15 to 29 years old,Total,2019,35.30520248413086
Malawi,Total,15 to 24 years old,Total,2019,33.08412551879883
Malawi,Total,30 to 59 years old,Total,2019,33.347312927246094
Malawi,Total,All age ranges or no breakdown by age,Total,2019,21.871871948242188
Malawi,Total,All age ranges or no breakdown by age,Rural area,2019,17.33469581604004
Malawi,Male,All age ranges or no breakdown by age,Total,2016,21.23105812072754
Malawi,Total,30 to 59 years old,Total,2016,26.034671783447266
Malawi,Total,All age ranges or no breakdown by age,Urban area,2016,38.61009979248047
Malawi,Total,All age ranges or no breakdown by age,Rural area,2016,13.410158157348633
Malawi,Total,60 years old and over,Total,2016,10.053848266601562
Malawi,Total,All age ranges or no breakdown by age,Total,2016,18.059106826782227
Malawi,Total,60 years old and over,Total,2019,21.910320281982425
Malawi,Total,25 years old and over,Total,2019,33.952938079833984
Malawi,Male,All age ranges or no breakdown by age,Total,2019,24.39154624938965
Malawi,Total,25 years old and over,Total,2016,25.50179672241211
Malawi,Total,15 to 24 years old,Total,2016,32.525882720947266
Maldives,Total,15 to 24 years old,Total,2019,3.1186516284942627
Maldives,Total,15 to 24 years old,Total,2016,98.97345733642578
Maldives,Male,All age ranges or no breakdown by age,Total,2016,78.94538116455078
Maldives,Total,25 years old and over,Total,2016,89.788330078125
Maldives,Total,All age ranges or no breakdown by age,Urban area,2016,83.89793395996094
Maldives,Female,All age ranges or no breakdown by age,Total,2019,21.8625431060791
Maldives,Female,All age ranges or no breakdown by age,Total,2016,80.00798034667969
Maldives,Total,30 to 59 years old,Total,2016,90.55736541748048
Maldives,Total,All age ranges or no breakdown by age,Total,2019,20.75239372253418
Maldives,Total,All age ranges or no breakdown by age,Urban area,2019,14.377614974975586
Maldives,Male,All age ranges or no breakdown by age,Total,2019,19.537782669067383
Maldives,Total,All age ranges or no breakdown by age,Rural area,2019,26.606136322021484
Maldives,Total,60 years old and over,Total,2019,67.80818939208984
Maldives,Total,15 to 29 years old,Total,2016,98.87133026123048
Maldives,Total,All age ranges or no breakdown by age,Rural area,2016,75.92634582519531
Maldives,Total,15 to 29 years old,Total,2019,4.142347812652588
Maldives,Total,60 years old and over,Total,2016,66.927978515625
Maldives,Total,30 to 59 years old,Total,2019,35.5590934753418
Maldives,Total,25 years old and over,Total,2019,35.74788284301758
Maldives,Total,All age ranges or no breakdown by age,Total,2016,79.50513458251953
Mali,Total,30 to 59 years old,Total,2018,13.610139846801758
Mali,Total,All age ranges or no breakdown by age,Urban area,2018,30.03532600402832
Mali,Total,15 to 24 years old,Total,2018,34.9229621887207
Mali,Total,15 to 29 years old,Total,2018,32.09504699707031
Mali,Total,60 years old and over,Total,2018,8.859668731689453
Mali,Total,All age ranges or no breakdown by age,Rural area,2018,7.226801872253418
Mali,Total,All age ranges or no breakdown by age,Total,2018,13.536788940429688
Mali,Female,All age ranges or no breakdown by age,Total,2018,11.626788139343262
Mali,Total,25 years old and over,Total,2018,14.765339851379396
Mali,Male,All age ranges or no breakdown by age,Total,2018,15.558666229248049
Marshall Islands,Total,15 to 29 years old,Total,2019,94.02513122558594
Marshall Islands,Total,All age ranges or no breakdown by age,Urban area,2019,78.5794906616211
Marshall Islands,Total,60 years old and over,Total,2019,91.44905853271484
Marshall Islands,Total,15 to 24 years old,Total,2019,92.48848724365234
Marshall Islands,Total,30 to 59 years old,Total,2019,94.19437408447266
Marshall Islands,Total,All age ranges or no breakdown by age,Rural area,2019,69.13114929199219
Marshall Islands,Total,25 years old and over,Total,2019,94.11288452148438
Marshall Islands,Total,All age ranges or no breakdown by age,Total,2019,76.21310424804688
Mauritius,Total,25 years old and over,Total,2017,71.6132583618164
Mauritius,Total,30 to 59 years old,Total,2017,76.47978973388672
Mauritius,Total,60 years old and over,Total,2017,52.20001220703125
Mauritius,Female,All age ranges or no breakdown by age,Total,2017,67.51807403564453
Mauritius,Total,All age ranges or no breakdown by age,Urban area,2017,69.51521301269531
Mauritius,Total,All age ranges or no breakdown by age,Total,2017,69.51521301269531
Mauritius,Male,All age ranges or no breakdown by age,Total,2017,71.60661315917969
Mauritius,Total,15 to 29 years old,Total,2017,94.8919677734375
Mauritius,Total,15 to 24 years old,Total,2017,96.55558013916016
Mexico,Total,All age ranges or no breakdown by age,Urban area,2018,75.20073699951172
Mexico,Total,60 years old and over,Total,2020,57.61495971679688
Mexico,Female,All age ranges or no breakdown by age,Total,2020,73.27584838867188
Mexico,Total,All age ranges or no breakdown by age,Rural area,2020,61.5435676574707
Mexico,Female,All age ranges or no breakdown by age,Total,2018,71.43061065673828
Mexico,Total,All age ranges or no breakdown by age,Rural area,2018,59.03525924682617
Mexico,Male,All age ranges or no breakdown by age,Total,2018,71.19145965576172
Mexico,Total,All age ranges or no breakdown by age,Total,2018,71.31468963623047
Mexico,Total,15 to 29 years old,Total,2018,96.68246459960938
Mexico,Total,All age ranges or no breakdown by age,Urban area,2020,76.88068389892578
Mexico,Total,15 to 29 years old,Total,2020,97.33094787597656
Mexico,Total,30 to 59 years old,Total,2018,86.81620788574219
Mexico,Total,15 to 24 years old,Total,2020,97.80026245117188
Mexico,Total,All age ranges or no breakdown by age,Total,2020,73.41960906982422
Mexico,Total,25 years old and over,Total,2018,80.74467468261719
Mexico,Total,30 to 59 years old,Total,2020,88.32630157470703
Mexico,Male,All age ranges or no breakdown by age,Total,2020,73.57369995117188
Mexico,Total,60 years old and over,Total,2018,52.58243179321289
Mexico,Total,25 years old and over,Total,2020,82.28475189208984
Mexico,Total,15 to 24 years old,Total,2018,97.10411071777344
Moldova,Total,All age ranges or no breakdown by age,Total,2021,86.464111328125
Moldova,Female,All age ranges or no breakdown by age,Total,2018,88.65689086914062
Moldova,Total,30 to 59 years old,Total,2021,99.71680450439452
Moldova,Total,All age ranges or no breakdown by age,Total,2018,86.94914245605469
Moldova,Total,60 years old and over,Total,2018,99.48226165771484
Moldova,Male,All age ranges or no breakdown by age,Total,2018,84.88190460205078
Moldova,Total,15 to 24 years old,Total,2021,99.76577758789062
Moldova,Total,All age ranges or no breakdown by age,Rural area,2018,87.33747863769531
Moldova,Total,All age ranges or no breakdown by age,Urban area,2018,86.44981384277344
Moldova,Total,60 years old and over,Total,2021,99.5335693359375
Moldova,Total,30 to 59 years old,Total,2018,99.6045913696289
Moldova,Female,All age ranges or no breakdown by age,Total,2021,87.41265869140625
Moldova,Total,15 to 24 years old,Total,2018,99.38202667236328
Moldova,Male,All age ranges or no breakdown by age,Total,2021,85.3379135131836
Moldova,Total,All age ranges or no breakdown by age,Urban area,2021,84.29550170898438
Moldova,Total,25 years old and over,Total,2018,99.5573501586914
Moldova,Total,15 to 29 years old,Total,2021,99.61222839355467
Moldova,Total,25 years old and over,Total,2021,99.62853240966795
Moldova,Total,All age ranges or no breakdown by age,Rural area,2021,87.88960266113281
Moldova,Total,15 to 29 years old,Total,2018,99.4704818725586
Mongolia,Total,All age ranges or no breakdown by age,Urban area,2018,74.61263275146484
Mongolia,Total,15 to 29 years old,Total,2018,93.7929916381836
Mongolia,Total,60 years old and over,Total,2018,82.24175262451172
Mongolia,Male,All age ranges or no breakdown by age,Total,2018,68.28590393066406
Mongolia,Female,All age ranges or no breakdown by age,Total,2018,72.71013641357422
Mongolia,Total,15 to 24 years old,Total,2018,93.83065032958984
Mongolia,Total,25 years old and over,Total,2018,89.79578399658203
Mongolia,Total,30 to 59 years old,Total,2018,90.58126068115234
Mongolia,Total,All age ranges or no breakdown by age,Rural area,2018,65.5140151977539
Mongolia,Total,All age ranges or no breakdown by age,Total,2018,70.56549835205078
Myanmar,Total,All age ranges or no breakdown by age,Urban area,2017,63.31807327270508
Myanmar,Total,All age ranges or no breakdown by age,Total,2017,43.2781982421875
Myanmar,Female,All age ranges or no breakdown by age,Total,2017,40.157958984375
Myanmar,Total,25 years old and over,Total,2017,41.51966094970703
Myanmar,Total,All age ranges or no breakdown by age,Rural area,2017,34.872398376464844
Myanmar,Total,30 to 59 years old,Total,2017,40.656009674072266
Myanmar,Total,60 years old and over,Total,2017,30.25135040283203
Myanmar,Total,15 to 29 years old,Total,2017,69.22128295898438
Myanmar,Male,All age ranges or no breakdown by age,Total,2017,46.94789505004883
Myanmar,Total,15 to 24 years old,Total,2017,73.43241882324219
Namibia,Total,All age ranges or no breakdown by age,Total,2015,56.66543197631836
Namibia,Female,All age ranges or no breakdown by age,Total,2015,59.06806564331055
Namibia,Total,25 years old and over,Total,2015,67.54463195800781
Namibia,Total,All age ranges or no breakdown by age,Urban area,2015,71.37887573242188
Namibia,Total,All age ranges or no breakdown by age,Rural area,2015,43.17473220825195
Namibia,Total,60 years old and over,Total,2015,28.968509674072266
Namibia,Total,15 to 29 years old,Total,2015,80.95997619628906
Namibia,Total,15 to 24 years old,Total,2015,79.64786529541016
Namibia,Male,All age ranges or no breakdown by age,Total,2015,54.08338928222656
Namibia,Total,30 to 59 years old,Total,2015,70.80941772460938
Niger,Female,All age ranges or no breakdown by age,Total,2018,7.089534282684326
Niger,Total,All age ranges or no breakdown by age,Rural area,2018,4.814842700958252
Niger,Total,60 years old and over,Total,2018,4.559696674346924
Niger,Total,15 to 24 years old,Total,2018,28.243547439575195
Niger,Total,30 to 59 years old,Total,2018,11.39468479156494
Niger,Total,25 years old and over,Total,2018,11.219837188720703
Niger,Total,All age ranges or no breakdown by age,Total,2018,8.248181343078613
Niger,Total,15 to 29 years old,Total,2018,24.82083320617676
Niger,Male,All age ranges or no breakdown by age,Total,2018,9.52705192565918
Niger,Total,All age ranges or no breakdown by age,Urban area,2018,24.558874130249023
Nigeria,Total,60 years old and over,Total,2018,37.665016174316406
Nigeria,Total,All age ranges or no breakdown by age,Urban area,2018,63.79846954345703
Nigeria,Total,30 to 59 years old,Total,2018,68.06814575195312
Nigeria,Total,All age ranges or no breakdown by age,Rural area,2018,40.07416915893555
Nigeria,Female,All age ranges or no breakdown by age,Total,2018,44.8590087890625
Nigeria,Total,15 to 24 years old,Total,2018,80.49415588378906
Nigeria,Total,All age ranges or no breakdown by age,Total,2018,48.52133941650391
Nigeria,Total,25 years old and over,Total,2018,64.00540924072266
Nigeria,Total,15 to 29 years old,Total,2018,79.25029754638672
Nigeria,Male,All age ranges or no breakdown by age,Total,2018,52.3153190612793
Pakistan,Total,60 years old and over,Total,2018,18.36737632751465
Pakistan,Female,All age ranges or no breakdown by age,Total,2018,21.61398124694824
Pakistan,Total,25 years old and over,Total,2018,34.127471923828125
Pakistan,Total,All age ranges or no breakdown by age,Rural area,2018,19.497299194335938
Pakistan,Total,All age ranges or no breakdown by age,Total,2018,26.79931831359864
Pakistan,Total,15 to 24 years old,Total,2018,51.24195098876953
Pakistan,Total,30 to 59 years old,Total,2018,34.349609375
Pakistan,Total,15 to 29 years old,Total,2018,50.04933547973633
Pakistan,Total,All age ranges or no breakdown by age,Urban area,2018,39.38983917236328
Pakistan,Male,All age ranges or no breakdown by age,Total,2018,32.07946014404297
Panama,Total,All age ranges or no breakdown by age,Total,2018,74.58330535888672
Panama,Female,All age ranges or no breakdown by age,Total,2018,75.01614379882812
Panama,Total,15 to 24 years old,Total,2021,98.08274841308594
Panama,Total,All age ranges or no breakdown by age,Rural area,2021,62.39379501342773
Panama,Total,30 to 59 years old,Total,2018,91.14967346191406
Panama,Total,25 years old and over,Total,2021,88.77527618408203
Panama,Male,All age ranges or no breakdown by age,Total,2021,74.81941986083984
Panama,Total,All age ranges or no breakdown by age,Urban area,2021,81.37224578857422
Panama,Total,All age ranges or no breakdown by age,Urban area,2018,80.80003356933594
Panama,Total,All age ranges or no breakdown by age,Rural area,2018,60.53422164916992
Panama,Male,All age ranges or no breakdown by age,Total,2018,74.1339111328125
Panama,Total,60 years old and over,Total,2018,73.67325592041016
Panama,Total,15 to 29 years old,Total,2018,96.93085479736328
Panama,Total,25 years old and over,Total,2018,87.20780181884766
Panama,Total,60 years old and over,Total,2021,77.75528717041016
Panama,Total,15 to 24 years old,Total,2018,97.10629272460938
Panama,Total,30 to 59 years old,Total,2021,92.5449447631836
Panama,Total,15 to 29 years old,Total,2021,97.79786682128906
Panama,Female,All age ranges or no breakdown by age,Total,2021,76.67350006103516
Panama,Total,All age ranges or no breakdown by age,Total,2021,75.76105499267578
Paraguay,Male,All age ranges or no breakdown by age,Total,2021,63.289833068847656
Paraguay,Total,30 to 59 years old,Total,2021,82.77057647705078
Paraguay,Total,All age ranges or no breakdown by age,Urban area,2018,67.47113800048828
Paraguay,Female,All age ranges or no breakdown by age,Total,2018,60.96739959716797
Paraguay,Total,15 to 24 years old,Total,2021,95.73851013183594
Paraguay,Total,25 years old and over,Total,2021,78.38056945800781
Paraguay,Total,60 years old and over,Total,2021,51.05331039428711
Paraguay,Total,All age ranges or no breakdown by age,Rural area,2018,50.33684921264648
Paraguay,Total,All age ranges or no breakdown by age,Total,2018,60.94997024536133
Paraguay,Total,15 to 24 years old,Total,2018,94.00003051757812
Paraguay,Total,15 to 29 years old,Total,2021,95.30992889404295
Paraguay,Total,15 to 29 years old,Total,2018,93.72824096679688
Paraguay,Total,All age ranges or no breakdown by age,Urban area,2021,69.1854019165039
Paraguay,Total,60 years old and over,Total,2018,47.59514236450195
Paraguay,Female,All age ranges or no breakdown by age,Total,2021,63.99649810791016
Paraguay,Total,30 to 59 years old,Total,2018,79.1629409790039
Paraguay,Male,All age ranges or no breakdown by age,Total,2018,60.932891845703125
Paraguay,Total,25 years old and over,Total,2018,75.47137451171875
Paraguay,Total,All age ranges or no breakdown by age,Total,2021,63.6402587890625
Paraguay,Total,All age ranges or no breakdown by age,Rural area,2021,54.16149520874024
Peru,Total,30 to 59 years old,Total,2018,83.97035217285156
Peru,Male,All age ranges or no breakdown by age,Total,2021,69.96243286132812
Peru,Female,All age ranges or no breakdown by age,Total,2021,64.69815063476562
Peru,Total,15 to 29 years old,Total,2018,97.11744689941406
Peru,Total,15 to 24 years old,Total,2018,97.8444366455078
Peru,Total,All age ranges or no breakdown by age,Urban area,2018,71.86804962158203
Peru,Male,All age ranges or no breakdown by age,Total,2018,69.83390808105469
Peru,Total,15 to 24 years old,Total,2021,98.1547622680664
Peru,Total,25 years old and over,Total,2021,78.80457305908203
Peru,Female,All age ranges or no breakdown by age,Total,2018,63.87046432495117
Peru,Total,All age ranges or no breakdown by age,Rural area,2021,50.96365737915039
Peru,Total,All age ranges or no breakdown by age,Urban area,2021,71.42854309082031
Peru,Total,60 years old and over,Total,2021,58.565528869628906
Peru,Total,60 years old and over,Total,2018,57.73975372314453
Peru,Total,All age ranges or no breakdown by age,Rural area,2018,48.60753631591797
Peru,Total,30 to 59 years old,Total,2021,84.2462387084961
Peru,Total,All age ranges or no breakdown by age,Total,2018,66.7646255493164
Peru,Total,25 years old and over,Total,2018,78.28439331054688
Peru,Total,All age ranges or no breakdown by age,Total,2021,67.24301147460938
Peru,Total,15 to 29 years old,Total,2021,97.51512145996094
Philippines,Total,All age ranges or no breakdown by age,Rural area,2018,67.89100646972656
Philippines,Total,15 to 24 years old,Total,2018,94.20303344726562
Philippines,Total,30 to 59 years old,Total,2018,87.17843627929688
Philippines,Male,All age ranges or no breakdown by age,Total,2018,70.45600891113281
Philippines,Total,60 years old and over,Total,2018,72.5938720703125
Philippines,Total,All age ranges or no breakdown by age,Urban area,2018,76.90887451171875
Philippines,Female,All age ranges or no breakdown by age,Total,2018,74.79936218261719
Philippines,Total,15 to 29 years old,Total,2018,93.51424407958984
Philippines,Total,All age ranges or no breakdown by age,Total,2018,72.6244125366211
Philippines,Total,25 years old and over,Total,2018,85.00882720947266
Romania,Total,30 to 59 years old,Total,2018,84.59823608398438
Romania,Total,All age ranges or no breakdown by age,Urban area,2018,71.25524139404297
Romania,Total,All age ranges or no breakdown by age,Total,2018,60.85030364990234
Romania,Total,15 to 24 years old,Total,2018,58.66298675537109
Romania,Male,All age ranges or no breakdown by age,Total,2018,64.7090835571289
Romania,Total,15 to 29 years old,Total,2018,66.89569854736328
Romania,Total,All age ranges or no breakdown by age,Rural area,2018,50.173038482666016
Romania,Total,60 years old and over,Total,2018,53.396087646484375
Romania,Total,25 years old and over,Total,2018,73.80206298828125
Romania,Female,All age ranges or no breakdown by age,Total,2018,57.16232681274414
Russian Federation,Total,All age ranges or no breakdown by age,Rural area,2018,86.48774719238281
Russian Federation,Total,All age ranges or no breakdown by age,Urban area,2020,74.8879165649414
Russian Federation,Male,All age ranges or no breakdown by age,Total,2018,92.70343780517578
Russian Federation,Total,All age ranges or no breakdown by age,Rural area,2020,69.05075073242188
Russian Federation,Total,60 years old and over,Total,2020,92.11571502685548
Russian Federation,Total,15 to 24 years old,Total,2020,49.11742782592773
Russian Federation,Total,All age ranges or no breakdown by age,Total,2020,73.41912841796875
Russian Federation,Total,15 to 29 years old,Total,2020,64.28044891357422
Russian Federation,Total,30 to 59 years old,Total,2020,97.4292449951172
Russian Federation,Total,30 to 59 years old,Total,2018,97.41346740722656
Russian Federation,Total,25 years old and over,Total,2018,94.58675384521484
Russian Federation,Total,15 to 24 years old,Total,2018,72.93418884277344
Russian Federation,Total,All age ranges or no breakdown by age,Urban area,2018,94.58281707763672
Russian Federation,Male,All age ranges or no breakdown by age,Total,2020,70.34223937988281
Russian Federation,Total,25 years old and over,Total,2020,96.07408905029295
Russian Federation,Total,15 to 29 years old,Total,2018,84.74701690673828
Russian Federation,Female,All age ranges or no breakdown by age,Total,2020,76.31793975830078
Russian Federation,Total,60 years old and over,Total,2018,86.77862548828125
Russian Federation,Total,All age ranges or no breakdown by age,Total,2018,92.55511474609376
Russian Federation,Female,All age ranges or no breakdown by age,Total,2018,92.43350982666016
Senegal,Total,30 to 59 years old,Total,2018,19.81205940246582
Senegal,Total,60 years old and over,Total,2018,13.983339309692385
Senegal,Total,All age ranges or no breakdown by age,Rural area,2018,10.116424560546877
Senegal,Total,All age ranges or no breakdown by age,Total,2018,20.829647064208984
Senegal,Total,15 to 29 years old,Total,2018,44.40761947631836
Senegal,Total,25 years old and over,Total,2018,21.5533504486084
Senegal,Male,All age ranges or no breakdown by age,Total,2018,23.035499572753903
Senegal,Total,All age ranges or no breakdown by age,Urban area,2018,32.34358596801758
Senegal,Female,All age ranges or no breakdown by age,Total,2018,18.982425689697266
Senegal,Total,15 to 24 years old,Total,2018,47.44252395629883
Serbia,Female,All age ranges or no breakdown by age,Total,2018,88.52912139892578
Serbia,Total,All age ranges or no breakdown by age,Urban area,2018,95.98643493652344
Serbia,Total,15 to 24 years old,Total,2018,98.00531005859376
Serbia,Total,All age ranges or no breakdown by age,Rural area,2018,85.01753997802734
Serbia,Total,15 to 29 years old,Total,2018,98.142333984375
Serbia,Total,60 years old and over,Total,2018,81.70336151123047
Serbia,Total,30 to 59 years old,Total,2018,97.62249755859376
Serbia,Male,All age ranges or no breakdown by age,Total,2018,94.7609405517578
Serbia,Total,All age ranges or no breakdown by age,Total,2018,91.5047378540039
Serbia,Total,25 years old and over,Total,2018,90.64732360839844
Sierra Leone,Total,All age ranges or no breakdown by age,Rural area,2018,39.15496063232422
Sierra Leone,Total,30 to 59 years old,Total,2018,83.8968734741211
Sierra Leone,Total,15 to 29 years old,Total,2018,85.88875579833984
Sierra Leone,Female,All age ranges or no breakdown by age,Total,2018,52.69600296020508
Sierra Leone,Total,25 years old and over,Total,2018,85.30938720703125
Sierra Leone,Total,All age ranges or no breakdown by age,Urban area,2018,68.4606704711914
Sierra Leone,Total,All age ranges or no breakdown by age,Total,2018,55.48164367675781
Sierra Leone,Total,15 to 24 years old,Total,2018,85.44493103027344
Sierra Leone,Total,60 years old and over,Total,2018,89.66340637207031
Sierra Leone,Male,All age ranges or no breakdown by age,Total,2018,58.06029891967773
Sri Lanka,Total,All age ranges or no breakdown by age,Urban area,2016,57.187442779541016
Sri Lanka,Total,All age ranges or no breakdown by age,Urban area,2019,84.36390686035156
Sri Lanka,Male,All age ranges or no breakdown by age,Total,2019,79.67523956298828
Sri Lanka,Male,All age ranges or no breakdown by age,Total,2016,55.155879974365234
Sri Lanka,Total,All age ranges or no breakdown by age,Total,2019,79.34266662597656
Sri Lanka,Total,15 to 29 years old,Total,2016,98.9720458984375
Sri Lanka,Total,All age ranges or no breakdown by age,Rural area,2019,78.31007385253906
Sri Lanka,Total,25 years old and over,Total,2019,84.21678161621094
Sri Lanka,Total,15 to 24 years old,Total,2016,98.9720458984375
Sri Lanka,Female,All age ranges or no breakdown by age,Total,2019,79.02225494384766
Sri Lanka,Total,60 years old and over,Total,2019,69.0999526977539
Sri Lanka,Total,All age ranges or no breakdown by age,Rural area,2016,55.1877555847168
Sri Lanka,Total,15 to 24 years old,Total,2019,99.02950286865234
Sri Lanka,Female,All age ranges or no breakdown by age,Total,2016,55.90143966674805
Sri Lanka,Total,All age ranges or no breakdown by age,Total,2016,55.52613830566406
Sri Lanka,Total,15 to 29 years old,Total,2019,98.8174057006836
Sri Lanka,Total,30 to 59 years old,Total,2019,87.96249389648438
Eswatini,Total,15 to 29 years old,Total,2016,79.86936950683594
Eswatini,Total,All age ranges or no breakdown by age,Total,2016,48.44878005981445
Eswatini,Female,All age ranges or no breakdown by age,Total,2016,50.996089935302734
Eswatini,Total,All age ranges or no breakdown by age,Rural area,2016,43.309600830078125
Eswatini,Total,60 years old and over,Total,2016,31.17137908935547
Eswatini,Male,All age ranges or no breakdown by age,Total,2016,45.61822891235352
Eswatini,Total,30 to 59 years old,Total,2016,72.33712768554688
Eswatini,Total,All age ranges or no breakdown by age,Urban area,2016,66.67485046386719
Eswatini,Total,15 to 24 years old,Total,2016,78.88915252685547
Eswatini,Total,25 years old and over,Total,2016,67.04277038574219
Sao Tome and Principe,Total,All age ranges or no breakdown by age,Urban area,2017,46.60757064819336
Sao Tome and Principe,Total,All age ranges or no breakdown by age,Total,2017,47.44905090332031
Sao Tome and Principe,Total,25 years old and over,Total,2017,43.26919937133789
Sao Tome and Principe,Male,All age ranges or no breakdown by age,Total,2017,50.18876647949219
Sao Tome and Principe,Female,All age ranges or no breakdown by age,Total,2017,44.75502395629883
Sao Tome and Principe,Total,30 to 59 years old,Total,2017,43.69741439819336
Sao Tome and Principe,Total,All age ranges or no breakdown by age,Rural area,2017,48.902339935302734
Sao Tome and Principe,Total,60 years old and over,Total,2017,10.62355899810791
Sao Tome and Principe,Total,15 to 24 years old,Total,2017,84.54095458984375
Sao Tome and Principe,Total,15 to 29 years old,Total,2017,77.80059814453125
Tajikistan,Total,All age ranges or no breakdown by age,Urban area,2015,71.51740264892578
Tajikistan,Total,15 to 24 years old,Total,2015,95.3203582763672
Tajikistan,Female,All age ranges or no breakdown by age,Total,2015,67.51349639892578
Tajikistan,Total,30 to 59 years old,Total,2015,95.90884399414062
Tajikistan,Male,All age ranges or no breakdown by age,Total,2015,70.90612030029297
Tajikistan,Total,25 years old and over,Total,2015,93.41400909423828
Tajikistan,Total,15 to 29 years old,Total,2015,94.61254119873048
Tajikistan,Total,All age ranges or no breakdown by age,Rural area,2015,68.3751220703125
Tajikistan,Total,All age ranges or no breakdown by age,Total,2015,69.20880889892578
Tajikistan,Total,60 years old and over,Total,2015,81.66898345947266
Tanzania,Male,All age ranges or no breakdown by age,Total,2018,49.334251403808594
Tanzania,Total,All age ranges or no breakdown by age,Rural area,2018,40.59054565429688
Tanzania,Total,30 to 59 years old,Total,2018,70.70433807373047
Tanzania,Total,All age ranges or no breakdown by age,Total,2018,48.36585998535156
Tanzania,Total,15 to 29 years old,Total,2018,76.38935089111328
Tanzania,Female,All age ranges or no breakdown by age,Total,2018,47.48870468139648
Tanzania,Total,15 to 24 years old,Total,2018,76.14473724365234
Tanzania,Total,All age ranges or no breakdown by age,Urban area,2018,64.50422668457031
Tanzania,Total,60 years old and over,Total,2018,26.94324493408203
Tanzania,Total,25 years old and over,Total,2018,64.37029266357422
Thailand,Total,All age ranges or no breakdown by age,Total,2021,61.043434143066406
Thailand,Total,60 years old and over,Total,2018,19.06680679321289
Thailand,Total,30 to 59 years old,Total,2021,83.52203369140625
Thailand,Total,All age ranges or no breakdown by age,Rural area,2018,51.61757659912109
Thailand,Male,All age ranges or no breakdown by age,Total,2018,60.49128723144531
Thailand,Total,30 to 59 years old,Total,2018,77.75213623046875
Thailand,Total,15 to 24 years old,Total,2021,97.7738800048828
Thailand,Total,All age ranges or no breakdown by age,Urban area,2018,65.47517395019531
Thailand,Total,All age ranges or no breakdown by age,Total,2018,57.70198059082031
Thailand,Total,60 years old and over,Total,2021,23.67460060119629
Thailand,Total,All age ranges or no breakdown by age,Urban area,2021,68.24483489990234
Thailand,Total,25 years old and over,Total,2021,65.12991333007812
Thailand,Total,15 to 24 years old,Total,2018,96.34855651855467
Thailand,Female,All age ranges or no breakdown by age,Total,2018,55.13462448120117
Thailand,Total,15 to 29 years old,Total,2021,96.85604858398438
Thailand,Total,All age ranges or no breakdown by age,Rural area,2021,55.554931640625
Thailand,Total,15 to 29 years old,Total,2018,95.29436492919922
Thailand,Total,25 years old and over,Total,2018,61.72240447998047
"Gambia, The",Total,15 to 24 years old,Total,2015,61.90898895263672
"Gambia, The",Male,All age ranges or no breakdown by age,Total,2020,28.684860229492188
"Gambia, The",Total,All age ranges or no breakdown by age,Total,2015,26.358184814453125
"Gambia, The",Male,All age ranges or no breakdown by age,Total,2015,28.256532669067383
"Gambia, The",Female,All age ranges or no breakdown by age,Total,2015,24.63363647460937
"Gambia, The",Total,60 years old and over,Total,2015,11.444095611572266
"Gambia, The",Total,All age ranges or no breakdown by age,Rural area,2015,14.11395263671875
"Gambia, The",Total,All age ranges or no breakdown by age,Total,2020,27.41561508178711
"Gambia, The",Total,15 to 24 years old,Total,2020,54.37408065795898
"Gambia, The",Total,All age ranges or no breakdown by age,Rural area,2020,14.891545295715332
"Gambia, The",Total,60 years old and over,Total,2020,14.150423049926758
"Gambia, The",Total,25 years old and over,Total,2015,34.124366760253906
"Gambia, The",Total,15 to 29 years old,Total,2015,58.85093307495117
"Gambia, The",Total,30 to 59 years old,Total,2015,32.71357727050781
"Gambia, The",Total,All age ranges or no breakdown by age,Urban area,2015,36.4094352722168
"Gambia, The",Total,15 to 29 years old,Total,2020,53.46726608276367
"Gambia, The",Total,All age ranges or no breakdown by age,Urban area,2020,37.49692916870117
"Gambia, The",Female,All age ranges or no breakdown by age,Total,2020,26.274356842041016
"Gambia, The",Total,25 years old and over,Total,2020,34.751399993896484
"Gambia, The",Total,30 to 59 years old,Total,2020,33.75070571899414
Togo,Total,All age ranges or no breakdown by age,Rural area,2018,22.4531478881836
Togo,Total,60 years old and over,Total,2018,17.32421875
Togo,Female,All age ranges or no breakdown by age,Total,2018,27.588712692260746
Togo,Total,15 to 29 years old,Total,2018,66.6556396484375
Togo,Total,25 years old and over,Total,2018,37.98504638671875
Togo,Total,30 to 59 years old,Total,2018,37.30256271362305
Togo,Total,All age ranges or no breakdown by age,Urban area,2018,51.0854377746582
Togo,Total,15 to 24 years old,Total,2018,71.18817138671875
Togo,Male,All age ranges or no breakdown by age,Total,2018,41.632137298583984
Togo,Total,All age ranges or no breakdown by age,Total,2018,34.27169418334961
Tonga,Total,30 to 59 years old,Total,2015,97.68685913085938
Tonga,Total,All age ranges or no breakdown by age,Urban area,2015,98.04927825927734
Tonga,Total,25 years old and over,Total,2015,96.4628677368164
Tonga,Female,All age ranges or no breakdown by age,Total,2015,96.88488006591795
Tonga,Total,60 years old and over,Total,2015,91.45333099365234
Tonga,Total,All age ranges or no breakdown by age,Rural area,2015,96.44294738769533
Tonga,Total,All age ranges or no breakdown by age,Total,2015,96.81891632080078
Tonga,Total,15 to 29 years old,Total,2015,98.86383056640624
Tonga,Total,15 to 24 years old,Total,2015,99.0234603881836
Tonga,Male,All age ranges or no breakdown by age,Total,2015,96.74795532226562
Tunisia,Female,All age ranges or no breakdown by age,Total,2015,52.12070846557617
Tunisia,Total,25 years old and over,Total,2015,61.87052154541016
Tunisia,Male,All age ranges or no breakdown by age,Total,2015,50.849700927734375
Tunisia,Total,All age ranges or no breakdown by age,Urban area,2015,56.83952713012695
Tunisia,Total,15 to 29 years old,Total,2015,70.55948638916016
Tunisia,Total,All age ranges or no breakdown by age,Total,2015,51.44870376586914
Tunisia,Total,All age ranges or no breakdown by age,Rural area,2015,36.97646713256836
Tunisia,Total,60 years old and over,Total,2015,55.07257080078125
Tunisia,Total,15 to 24 years old,Total,2015,72.16327667236328
Tunisia,Total,30 to 59 years old,Total,2015,62.091739654541016
Turkiye,Total,25 years old and over,Total,2018,84.26045227050781
Turkiye,Total,60 years old and over,Total,2018,62.52524948120117
Turkiye,Female,All age ranges or no breakdown by age,Total,2018,75.1328353881836
Turkiye,Total,All age ranges or no breakdown by age,Total,2019,80.453369140625
Turkiye,Total,30 to 59 years old,Total,2018,89.81816101074219
Turkiye,Total,25 years old and over,Total,2019,84.52972412109375
Turkiye,Total,All age ranges or no breakdown by age,Total,2018,80.43457794189453
Turkiye,Male,All age ranges or no breakdown by age,Total,2019,85.89572143554688
Turkiye,Total,15 to 24 years old,Total,2019,96.28070831298828
Turkiye,Total,15 to 29 years old,Total,2019,94.7286148071289
Turkiye,Female,All age ranges or no breakdown by age,Total,2019,75.06764221191406
Turkiye,Total,15 to 29 years old,Total,2018,94.4110107421875
Turkiye,Male,All age ranges or no breakdown by age,Total,2018,85.77964782714844
Turkiye,Total,15 to 24 years old,Total,2018,95.74337005615234
Turkiye,Total,30 to 59 years old,Total,2019,89.56783294677734
Turkiye,Total,60 years old and over,Total,2019,65.10655212402344
Uganda,Male,All age ranges or no breakdown by age,Total,2019,31.57596969604492
Uganda,Total,15 to 29 years old,Total,2016,51.660400390625
Uganda,Female,All age ranges or no breakdown by age,Total,2019,27.50078773498535
Uganda,Total,30 to 59 years old,Total,2016,45.04351425170898
Uganda,Total,15 to 24 years old,Total,2016,48.352237701416016
Uganda,Male,All age ranges or no breakdown by age,Total,2016,28.836069107055664
Uganda,Total,15 to 24 years old,Total,2019,55.475955963134766
Uganda,Total,All age ranges or no breakdown by age,Total,2016,26.705949783325195
Uganda,Total,All age ranges or no breakdown by age,Rural area,2019,24.142208099365234
Uganda,Total,25 years old and over,Total,2016,45.02555847167969
Uganda,Total,25 years old and over,Total,2019,44.911277770996094
Uganda,Total,60 years old and over,Total,2019,24.52425575256348
Uganda,Total,All age ranges or no breakdown by age,Rural area,2016,21.174606323242188
Uganda,Total,All age ranges or no breakdown by age,Urban area,2019,44.06752014160156
Uganda,Total,All age ranges or no breakdown by age,Urban area,2016,43.78636932373047
Uganda,Female,All age ranges or no breakdown by age,Total,2016,24.74300765991211
Uganda,Total,60 years old and over,Total,2016,21.96458625793457
Uganda,Total,15 to 29 years old,Total,2019,56.85796737670898
Uganda,Total,All age ranges or no breakdown by age,Total,2019,29.45292854309082
Uganda,Total,30 to 59 years old,Total,2019,45.27271270751953
Uruguay,Female,All age ranges or no breakdown by age,Total,2018,78.94805908203125
Uruguay,Total,15 to 24 years old,Total,2021,98.74468994140624
Uruguay,Total,30 to 59 years old,Total,2018,95.71288299560548
Uruguay,Total,All age ranges or no breakdown by age,Total,2018,77.91915130615234
Uruguay,Male,All age ranges or no breakdown by age,Total,2021,77.44209289550781
Uruguay,Total,15 to 29 years old,Total,2021,98.50748443603516
Uruguay,Total,25 years old and over,Total,2021,92.07694244384766
Uruguay,Total,15 to 24 years old,Total,2018,98.29759979248048
Uruguay,Total,30 to 59 years old,Total,2021,96.1660614013672
Uruguay,Total,60 years old and over,Total,2021,82.18086242675781
Uruguay,Total,All age ranges or no breakdown by age,Urban area,2021,78.7176284790039
Uruguay,Total,All age ranges or no breakdown by age,Rural area,2021,76.23339080810547
Uruguay,Female,All age ranges or no breakdown by age,Total,2021,79.66007995605469
Uruguay,Total,15 to 29 years old,Total,2018,98.22698211669922
Uruguay,Total,All age ranges or no breakdown by age,Rural area,2018,74.39759063720703
Uruguay,Total,25 years old and over,Total,2018,91.27325439453124
Uruguay,Total,All age ranges or no breakdown by age,Urban area,2018,78.12547302246094
Uruguay,Total,All age ranges or no breakdown by age,Total,2021,78.58432006835938
Uruguay,Male,All age ranges or no breakdown by age,Total,2018,76.8233413696289
Uruguay,Total,60 years old and over,Total,2018,80.19410705566406
Vanuatu,Total,15 to 24 years old,Total,2019,63.590293884277344
Vanuatu,Total,All age ranges or no breakdown by age,Total,2019,36.85041427612305
Vanuatu,Total,15 to 29 years old,Total,2019,64.27886199951172
Vanuatu,Total,60 years old and over,Total,2019,18.47420310974121
Vanuatu,Total,30 to 59 years old,Total,2019,45.99654006958008
Vanuatu,Total,25 years old and over,Total,2019,45.81314086914063
Vanuatu,Total,All age ranges or no breakdown by age,Rural area,2019,29.141489028930664
Vanuatu,Total,All age ranges or no breakdown by age,Urban area,2019,56.50299072265625
Viet Nam,Male,All age ranges or no breakdown by age,Total,2018,78.24214935302734
Viet Nam,Total,60 years old and over,Total,2018,63.44650268554688
Viet Nam,Total,15 to 29 years old,Total,2018,96.5581512451172
Viet Nam,Total,All age ranges or no breakdown by age,Urban area,2018,82.11888885498047
Viet Nam,Female,All age ranges or no breakdown by age,Total,2018,72.67092895507812
Viet Nam,Total,25 years old and over,Total,2018,80.6741943359375
Viet Nam,Total,All age ranges or no breakdown by age,Total,2018,75.36589813232422
Viet Nam,Total,15 to 24 years old,Total,2018,97.54788208007812
Viet Nam,Total,30 to 59 years old,Total,2018,84.60572814941406
Viet Nam,Total,All age ranges or no breakdown by age,Rural area,2018,71.92481994628906
West Bank and Gaza,Male,All age ranges or no breakdown by age,Total,2016,72.2667007446289
West Bank and Gaza,Total,All age ranges or no breakdown by age,Urban area,2016,71.88140106201172
West Bank and Gaza,Total,15 to 24 years old,Total,2016,97.64974212646484
West Bank and Gaza,Total,25 years old and over,Total,2016,86.2552490234375
West Bank and Gaza,Total,15 to 29 years old,Total,2016,97.35612487792967
West Bank and Gaza,Total,All age ranges or no breakdown by age,Rural area,2016,70.90763092041016
West Bank and Gaza,Total,30 to 59 years old,Total,2016,89.54192352294922
West Bank and Gaza,Total,All age ranges or no breakdown by age,Total,2016,71.4471435546875
West Bank and Gaza,Total,60 years old and over,Total,2016,54.9054069519043
West Bank and Gaza,Female,All age ranges or no breakdown by age,Total,2016,70.60814666748047
Zambia,Total,25 years old and over,Total,2015,56.91133880615234
Zambia,Total,60 years old and over,Total,2015,36.71816635131836
Zambia,Total,15 to 29 years old,Total,2015,69.14348602294922
Zambia,Total,30 to 59 years old,Total,2015,57.19660568237305
Zambia,Male,All age ranges or no breakdown by age,Total,2015,46.3363151550293
Zambia,Total,15 to 24 years old,Total,2015,70.25188446044922
Zambia,Total,All age ranges or no breakdown by age,Rural area,2015,32.38386917114258
Zambia,Total,All age ranges or no breakdown by age,Total,2015,42.95800018310547
Zambia,Female,All age ranges or no breakdown by age,Total,2015,39.76040649414063
Zambia,Total,All age ranges or no breakdown by age,Urban area,2015,57.74638748168945
Zimbabwe,Total,All age ranges or no breakdown by age,Rural area,2017,54.81755828857422
Zimbabwe,Total,15 to 29 years old,Total,2017,91.45767974853516
Zimbabwe,Total,15 to 24 years old,Total,2017,90.8336944580078
Zimbabwe,Total,60 years old and over,Total,2017,49.10085678100586
Zimbabwe,Male,All age ranges or no breakdown by age,Total,2017,61.32540130615234
Zimbabwe,Total,25 years old and over,Total,2017,82.88742065429688
Zimbabwe,Total,All age ranges or no breakdown by age,Total,2017,61.14419555664063
Zimbabwe,Total,30 to 59 years old,Total,2017,87.82515716552734
Zimbabwe,Total,All age ranges or no breakdown by age,Urban area,2017,74.69969177246094
Zimbabwe,Female,All age ranges or no breakdown by age,Total,2017,60.97953796386719
