,REF_AREA,REF_AREA_LABEL,TIME_PERIOD,OBS_VALUE
0,AFG,Afghanistan,2005,0.743
1,AFG,Afghanistan,2006,0.7384
2,AFG,Afghanistan,2007,0.7338
3,AFG,Afghanistan,2008,0.7292
4,AFG,Afghanistan,2009,0.7246
5,AFG,Afghanistan,2010,0.72
6,AFG,Afghanistan,2011,0.715
7,AFG,Afghanistan,2012,0.71
8,AFG,Afghanistan,2013,0.705
9,AFG,Afghanistan,2014,0.6934
10,AFG,Afghanistan,2015,0.6934
11,AFG,Afghanistan,2016,0.6934
12,AFG,Afghanistan,2017,0.6934
13,AFG,Afghanistan,2018,0.6934
14,AFG,Afghanistan,2019,0.6934
15,AFG,Afghanistan,2020,0.6934
16,AFG,Afghanistan,2021,0.6934
17,AFG,Afghanistan,2022,0.6934
18,ALB,Albania,2005,0.367
19,ALB,Albania,2006,0.3474
20,ALB,Albania,2007,0.3278
21,ALB,Albania,2008,0.3082
22,ALB,Albania,2009,0.2886
23,ALB,Albania,2010,0.269
24,ALB,Albania,2011,0.261
25,ALB,Albania,2012,0.253
26,ALB,Albania,2013,0.245
27,ALB,Albania,2014,0.2174
28,ALB,Albania,2015,0.2174
29,ALB,Albania,2016,0.2174
30,ALB,Albania,2017,0.2174
31,ALB,Albania,2018,0.2174
32,ALB,Albania,2019,0.2174
33,ALB,Albania,2020,0.2174
34,ALB,Albania,2021,0.2174
35,ALB,Albania,2022,0.2174
36,DZA,Algeria,2000,0.621
37,DZA,Algeria,2001,0.6072
38,DZA,Algeria,2002,0.5934
39,DZA,Algeria,2003,0.5796
40,DZA,Algeria,2004,0.5658
41,DZA,Algeria,2005,0.552
42,DZA,Algeria,2006,0.5426
43,DZA,Algeria,2007,0.5332
44,DZA,Algeria,2008,0.5238
45,DZA,Algeria,2009,0.5144
46,DZA,Algeria,2010,0.505
47,DZA,Algeria,2011,0.478333333
48,DZA,Algeria,2012,0.451666667
49,DZA,Algeria,2013,0.425
50,DZA,Algeria,2014,0.4131
51,DZA,Algeria,2015,0.4131
52,DZA,Algeria,2016,0.4131
53,DZA,Algeria,2017,0.4131
54,DZA,Algeria,2018,0.4131
55,DZA,Algeria,2019,0.4131
56,DZA,Algeria,2020,0.4131
57,DZA,Algeria,2021,0.4131
58,DZA,Algeria,2022,0.4131
59,ARG,Argentina,2000,0.425
60,ARG,Argentina,2001,0.4162
61,ARG,Argentina,2002,0.4074
62,ARG,Argentina,2003,0.3986
63,ARG,Argentina,2004,0.3898
64,ARG,Argentina,2005,0.381
65,ARG,Argentina,2006,0.3816
66,ARG,Argentina,2007,0.3822
67,ARG,Argentina,2008,0.3828
68,ARG,Argentina,2009,0.3834
69,ARG,Argentina,2010,0.384
70,ARG,Argentina,2011,0.383
71,ARG,Argentina,2012,0.382
72,ARG,Argentina,2013,0.381
73,ARG,Argentina,2014,0.3756
74,ARG,Argentina,2015,0.3756
75,ARG,Argentina,2016,0.3756
76,ARG,Argentina,2017,0.3756
77,ARG,Argentina,2018,0.3756
78,ARG,Argentina,2019,0.3756
79,ARG,Argentina,2020,0.3756
80,ARG,Argentina,2021,0.3756
81,ARG,Argentina,2022,0.3756
82,ARM,Armenia,2000,0.458
83,ARM,Armenia,2001,0.4448
84,ARM,Armenia,2002,0.4316
85,ARM,Armenia,2003,0.4184
86,ARM,Armenia,2004,0.4052
87,ARM,Armenia,2005,0.392
88,ARM,Armenia,2006,0.381
89,ARM,Armenia,2007,0.37
90,ARM,Armenia,2008,0.359
91,ARM,Armenia,2009,0.348
92,ARM,Armenia,2010,0.337
93,ARM,Armenia,2011,0.333
94,ARM,Armenia,2012,0.329
95,ARM,Armenia,2013,0.325
96,ARM,Armenia,2014,0.3176
97,ARM,Armenia,2015,0.3176
98,ARM,Armenia,2016,0.3176
99,ARM,Armenia,2017,0.3176
100,ARM,Armenia,2018,0.3176
101,ARM,Armenia,2019,0.3176
102,ARM,Armenia,2020,0.3176
103,ARM,Armenia,2021,0.3176
104,ARM,Armenia,2022,0.3176
105,AUS,Australia,2000,0.158
106,AUS,Australia,2001,0.1542
107,AUS,Australia,2002,0.1504
108,AUS,Australia,2003,0.1466
109,AUS,Australia,2004,0.1428
110,AUS,Australia,2005,0.139
111,AUS,Australia,2006,0.138
112,AUS,Australia,2007,0.137
113,AUS,Australia,2008,0.136
114,AUS,Australia,2009,0.135
115,AUS,Australia,2010,0.134
116,AUS,Australia,2011,0.127
117,AUS,Australia,2012,0.12
118,AUS,Australia,2013,0.113
119,AUS,Australia,2014,0.1101
120,AUS,Australia,2015,0.1101
121,AUS,Australia,2016,0.1101
122,AUS,Australia,2017,0.1101
123,AUS,Australia,2018,0.1101
124,AUS,Australia,2019,0.1101
125,AUS,Australia,2020,0.1101
126,AUS,Australia,2021,0.1101
127,AUS,Australia,2022,0.1101
128,AUT,Austria,2000,0.16
129,AUT,Austria,2001,0.1538
130,AUT,Austria,2002,0.1476
131,AUT,Austria,2003,0.1414
132,AUT,Austria,2004,0.1352
133,AUT,Austria,2005,0.129
134,AUT,Austria,2006,0.1274
135,AUT,Austria,2007,0.1258
136,AUT,Austria,2008,0.1242
137,AUT,Austria,2009,0.1226
138,AUT,Austria,2010,0.121
139,AUT,Austria,2011,0.099333333
140,AUT,Austria,2012,0.077666667
141,AUT,Austria,2013,0.056
142,AUT,Austria,2014,0.0528
143,AUT,Austria,2015,0.0528
144,AUT,Austria,2016,0.0528
145,AUT,Austria,2017,0.0528
146,AUT,Austria,2018,0.0528
147,AUT,Austria,2019,0.0528
148,AUT,Austria,2020,0.0528
149,AUT,Austria,2021,0.0528
150,AUT,Austria,2022,0.0528
151,AZE,Azerbaijan,2013,0.34
152,AZE,Azerbaijan,2014,0.303
153,AZE,Azerbaijan,2015,0.303
154,AZE,Azerbaijan,2016,0.303
155,AZE,Azerbaijan,2017,0.303
156,AZE,Azerbaijan,2018,0.303
157,AZE,Azerbaijan,2019,0.303
158,AZE,Azerbaijan,2020,0.303
159,AZE,Azerbaijan,2021,0.303
160,AZE,Azerbaijan,2022,0.303
161,BHS,"Bahamas, The",2013,0.316
162,BHS,"Bahamas, The",2014,0.2979
163,BHS,"Bahamas, The",2015,0.2979
164,BHS,"Bahamas, The",2016,0.2979
165,BHS,"Bahamas, The",2017,0.2979
166,BHS,"Bahamas, The",2018,0.2979
167,BHS,"Bahamas, The",2019,0.2979
168,BHS,"Bahamas, The",2020,0.2979
169,BHS,"Bahamas, The",2021,0.2979
170,BHS,"Bahamas, The",2022,0.2979
171,BHR,Bahrain,2005,0.34
172,BHR,Bahrain,2006,0.3264
173,BHR,Bahrain,2007,0.3128
174,BHR,Bahrain,2008,0.2992
175,BHR,Bahrain,2009,0.2856
176,BHR,Bahrain,2010,0.272
177,BHR,Bahrain,2011,0.265666667
178,BHR,Bahrain,2012,0.259333333
179,BHR,Bahrain,2013,0.253
180,BHR,Bahrain,2014,0.2649
181,BHR,Bahrain,2015,0.2649
182,BHR,Bahrain,2016,0.2649
183,BHR,Bahrain,2017,0.2649
184,BHR,Bahrain,2018,0.2649
185,BHR,Bahrain,2019,0.2649
186,BHR,Bahrain,2020,0.2649
187,BHR,Bahrain,2021,0.2649
188,BHR,Bahrain,2022,0.2649
189,BGD,Bangladesh,2005,0.587
190,BGD,Bangladesh,2006,0.5774
191,BGD,Bangladesh,2007,0.5678
192,BGD,Bangladesh,2008,0.5582
193,BGD,Bangladesh,2009,0.5486
194,BGD,Bangladesh,2010,0.539
195,BGD,Bangladesh,2011,0.535666667
196,BGD,Bangladesh,2012,0.532333333
197,BGD,Bangladesh,2013,0.529
198,BGD,Bangladesh,2014,0.5034
199,BGD,Bangladesh,2015,0.5034
200,BGD,Bangladesh,2016,0.5034
201,BGD,Bangladesh,2017,0.5034
202,BGD,Bangladesh,2018,0.5034
203,BGD,Bangladesh,2019,0.5034
204,BGD,Bangladesh,2020,0.5034
205,BGD,Bangladesh,2021,0.5034
206,BGD,Bangladesh,2022,0.5034
207,BRB,Barbados,2000,0.358
208,BRB,Barbados,2001,0.3562
209,BRB,Barbados,2002,0.3544
210,BRB,Barbados,2003,0.3526
211,BRB,Barbados,2004,0.3508
212,BRB,Barbados,2005,0.349
213,BRB,Barbados,2006,0.3506
214,BRB,Barbados,2007,0.3522
215,BRB,Barbados,2008,0.3538
216,BRB,Barbados,2009,0.3554
217,BRB,Barbados,2010,0.357
218,BRB,Barbados,2011,0.354666667
219,BRB,Barbados,2012,0.352333333
220,BRB,Barbados,2013,0.35
221,BRB,Barbados,2014,0.357
222,BRB,Barbados,2015,0.357
223,BRB,Barbados,2016,0.357
224,BRB,Barbados,2017,0.357
225,BRB,Barbados,2018,0.357
226,BRB,Barbados,2019,0.357
227,BRB,Barbados,2020,0.357
228,BRB,Barbados,2021,0.357
229,BRB,Barbados,2022,0.357
230,BLR,Belarus,2013,0.152
231,BLR,Belarus,2014,0.1507
232,BLR,Belarus,2015,0.1507
233,BLR,Belarus,2016,0.1507
234,BLR,Belarus,2017,0.1507
235,BLR,Belarus,2018,0.1507
236,BLR,Belarus,2019,0.1507
237,BLR,Belarus,2020,0.1507
238,BLR,Belarus,2021,0.1507
239,BLR,Belarus,2022,0.1507
240,BEL,Belgium,2000,0.123
241,BEL,Belgium,2001,0.1192
242,BEL,Belgium,2002,0.1154
243,BEL,Belgium,2003,0.1116
244,BEL,Belgium,2004,0.1078
245,BEL,Belgium,2005,0.104
246,BEL,Belgium,2006,0.1018
247,BEL,Belgium,2007,0.0996
248,BEL,Belgium,2008,0.0974
249,BEL,Belgium,2009,0.0952
250,BEL,Belgium,2010,0.093
251,BEL,Belgium,2011,0.084666667
252,BEL,Belgium,2012,0.076333333
253,BEL,Belgium,2013,0.068
254,BEL,Belgium,2014,0.0633
255,BEL,Belgium,2015,0.0633
256,BEL,Belgium,2016,0.0633
257,BEL,Belgium,2017,0.0633
258,BEL,Belgium,2018,0.0633
259,BEL,Belgium,2019,0.0633
260,BEL,Belgium,2020,0.0633
261,BEL,Belgium,2021,0.0633
262,BEL,Belgium,2022,0.0633
263,BLZ,Belize,2000,0.525
264,BLZ,Belize,2001,0.5178
265,BLZ,Belize,2002,0.5106
266,BLZ,Belize,2003,0.5034
267,BLZ,Belize,2004,0.4962
268,BLZ,Belize,2005,0.489
269,BLZ,Belize,2006,0.4816
270,BLZ,Belize,2007,0.4742
271,BLZ,Belize,2008,0.4668
272,BLZ,Belize,2009,0.4594
273,BLZ,Belize,2010,0.452
274,BLZ,Belize,2011,0.446333333
275,BLZ,Belize,2012,0.440666667
276,BLZ,Belize,2013,0.435
277,BLZ,Belize,2014,0.4257
278,BLZ,Belize,2015,0.4257
279,BLZ,Belize,2016,0.4257
280,BLZ,Belize,2017,0.4257
281,BLZ,Belize,2018,0.4257
282,BLZ,Belize,2019,0.4257
283,BLZ,Belize,2020,0.4257
284,BLZ,Belize,2021,0.4257
285,BLZ,Belize,2022,0.4257
286,BEN,Benin,2005,0.65
287,BEN,Benin,2006,0.642
288,BEN,Benin,2007,0.634
289,BEN,Benin,2008,0.626
290,BEN,Benin,2009,0.618
291,BEN,Benin,2010,0.61
292,BEN,Benin,2011,0.611333333
293,BEN,Benin,2012,0.612666667
294,BEN,Benin,2013,0.614
295,BEN,Benin,2014,0.6143
296,BEN,Benin,2015,0.6143
297,BEN,Benin,2016,0.6143
298,BEN,Benin,2017,0.6143
299,BEN,Benin,2018,0.6143
300,BEN,Benin,2019,0.6143
301,BEN,Benin,2020,0.6143
302,BEN,Benin,2021,0.6143
303,BEN,Benin,2022,0.6143
304,BTN,Bhutan,2013,0.495
305,BTN,Bhutan,2014,0.4574
306,BTN,Bhutan,2015,0.4574
307,BTN,Bhutan,2016,0.4574
308,BTN,Bhutan,2017,0.4574
309,BTN,Bhutan,2018,0.4574
310,BTN,Bhutan,2019,0.4574
311,BTN,Bhutan,2020,0.4574
312,BTN,Bhutan,2021,0.4574
313,BTN,Bhutan,2022,0.4574
314,BOL,Bolivia,2000,0.576
315,BOL,Bolivia,2001,0.5692
316,BOL,Bolivia,2002,0.5624
317,BOL,Bolivia,2003,0.5556
318,BOL,Bolivia,2004,0.5488
319,BOL,Bolivia,2005,0.542
320,BOL,Bolivia,2006,0.5292
321,BOL,Bolivia,2007,0.5164
322,BOL,Bolivia,2008,0.5036
323,BOL,Bolivia,2009,0.4908
324,BOL,Bolivia,2010,0.478
325,BOL,Bolivia,2011,0.476
326,BOL,Bolivia,2012,0.474
327,BOL,Bolivia,2013,0.472
328,BOL,Bolivia,2014,0.4443
329,BOL,Bolivia,2015,0.4443
330,BOL,Bolivia,2016,0.4443
331,BOL,Bolivia,2017,0.4443
332,BOL,Bolivia,2018,0.4443
333,BOL,Bolivia,2019,0.4443
334,BOL,Bolivia,2020,0.4443
335,BOL,Bolivia,2021,0.4443
336,BOL,Bolivia,2022,0.4443
337,BIH,Bosnia and Herzegovina,2013,0.201
338,BIH,Bosnia and Herzegovina,2014,0.2007
339,BIH,Bosnia and Herzegovina,2015,0.2007
340,BIH,Bosnia and Herzegovina,2016,0.2007
341,BIH,Bosnia and Herzegovina,2017,0.2007
342,BIH,Bosnia and Herzegovina,2018,0.2007
343,BIH,Bosnia and Herzegovina,2019,0.2007
344,BIH,Bosnia and Herzegovina,2020,0.2007
345,BIH,Bosnia and Herzegovina,2021,0.2007
346,BIH,Bosnia and Herzegovina,2022,0.2007
347,BWA,Botswana,2000,0.529
348,BWA,Botswana,2001,0.5302
349,BWA,Botswana,2002,0.5314
350,BWA,Botswana,2003,0.5326
351,BWA,Botswana,2004,0.5338
352,BWA,Botswana,2005,0.535
353,BWA,Botswana,2006,0.5274
354,BWA,Botswana,2007,0.5198
355,BWA,Botswana,2008,0.5122
356,BWA,Botswana,2009,0.5046
357,BWA,Botswana,2010,0.497
358,BWA,Botswana,2011,0.493333333
359,BWA,Botswana,2012,0.489666667
360,BWA,Botswana,2013,0.486
361,BWA,Botswana,2014,0.4801
362,BWA,Botswana,2015,0.4801
363,BWA,Botswana,2016,0.4801
364,BWA,Botswana,2017,0.4801
365,BWA,Botswana,2018,0.4801
366,BWA,Botswana,2019,0.4801
367,BWA,Botswana,2020,0.4801
368,BWA,Botswana,2021,0.4801
369,BWA,Botswana,2022,0.4801
370,BRA,Brazil,2000,0.515
371,BRA,Brazil,2001,0.5066
372,BRA,Brazil,2002,0.4982
373,BRA,Brazil,2003,0.4898
374,BRA,Brazil,2004,0.4814
375,BRA,Brazil,2005,0.473
376,BRA,Brazil,2006,0.4676
377,BRA,Brazil,2007,0.4622
378,BRA,Brazil,2008,0.4568
379,BRA,Brazil,2009,0.4514
380,BRA,Brazil,2010,0.446
381,BRA,Brazil,2011,0.444333333
382,BRA,Brazil,2012,0.442666667
383,BRA,Brazil,2013,0.441
384,BRA,Brazil,2014,0.4569
385,BRA,Brazil,2015,0.4569
386,BRA,Brazil,2016,0.4569
387,BRA,Brazil,2017,0.4569
388,BRA,Brazil,2018,0.4569
389,BRA,Brazil,2019,0.4569
390,BRA,Brazil,2020,0.4569
391,BRA,Brazil,2021,0.4569
392,BRA,Brazil,2022,0.4569
393,BGR,Bulgaria,2005,0.222
394,BGR,Bulgaria,2006,0.2236
395,BGR,Bulgaria,2007,0.2252
396,BGR,Bulgaria,2008,0.2268
397,BGR,Bulgaria,2009,0.2284
398,BGR,Bulgaria,2010,0.23
399,BGR,Bulgaria,2011,0.222333333
400,BGR,Bulgaria,2012,0.214666667
401,BGR,Bulgaria,2013,0.207
402,BGR,Bulgaria,2014,0.2116
403,BGR,Bulgaria,2015,0.2116
404,BGR,Bulgaria,2016,0.2116
405,BGR,Bulgaria,2017,0.2116
406,BGR,Bulgaria,2018,0.2116
407,BGR,Bulgaria,2019,0.2116
408,BGR,Bulgaria,2020,0.2116
409,BGR,Bulgaria,2021,0.2116
410,BGR,Bulgaria,2022,0.2116
411,BFA,Burkina Faso,2013,0.607
412,BFA,Burkina Faso,2014,0.6313
413,BFA,Burkina Faso,2015,0.6313
414,BFA,Burkina Faso,2016,0.6313
415,BFA,Burkina Faso,2017,0.6313
416,BFA,Burkina Faso,2018,0.6313
417,BFA,Burkina Faso,2019,0.6313
418,BFA,Burkina Faso,2020,0.6313
419,BFA,Burkina Faso,2021,0.6313
420,BFA,Burkina Faso,2022,0.6313
421,BDI,Burundi,2000,0.597
422,BDI,Burundi,2001,0.584
423,BDI,Burundi,2002,0.571
424,BDI,Burundi,2003,0.558
425,BDI,Burundi,2004,0.545
426,BDI,Burundi,2005,0.532
427,BDI,Burundi,2006,0.5268
428,BDI,Burundi,2007,0.5216
429,BDI,Burundi,2008,0.5164
430,BDI,Burundi,2009,0.5112
431,BDI,Burundi,2010,0.506
432,BDI,Burundi,2011,0.504333333
433,BDI,Burundi,2012,0.502666667
434,BDI,Burundi,2013,0.501
435,BDI,Burundi,2014,0.4916
436,BDI,Burundi,2015,0.4916
437,BDI,Burundi,2016,0.4916
438,BDI,Burundi,2017,0.4916
439,BDI,Burundi,2018,0.4916
440,BDI,Burundi,2019,0.4916
441,BDI,Burundi,2020,0.4916
442,BDI,Burundi,2021,0.4916
443,BDI,Burundi,2022,0.4916
444,KHM,Cambodia,2000,0.599
445,KHM,Cambodia,2001,0.5896
446,KHM,Cambodia,2002,0.5802
447,KHM,Cambodia,2003,0.5708
448,KHM,Cambodia,2004,0.5614
449,KHM,Cambodia,2005,0.552
450,KHM,Cambodia,2006,0.5404
451,KHM,Cambodia,2007,0.5288
452,KHM,Cambodia,2008,0.5172
453,KHM,Cambodia,2009,0.5056
454,KHM,Cambodia,2010,0.494
455,KHM,Cambodia,2011,0.497666667
456,KHM,Cambodia,2012,0.501333333
457,KHM,Cambodia,2013,0.505
458,KHM,Cambodia,2014,0.4775
459,KHM,Cambodia,2015,0.4775
460,KHM,Cambodia,2016,0.4775
461,KHM,Cambodia,2017,0.4775
462,KHM,Cambodia,2018,0.4775
463,KHM,Cambodia,2019,0.4775
464,KHM,Cambodia,2020,0.4775
465,KHM,Cambodia,2021,0.4775
466,KHM,Cambodia,2022,0.4775
467,CMR,Cameroon,2005,0.666
468,CMR,Cameroon,2006,0.6598
469,CMR,Cameroon,2007,0.6536
470,CMR,Cameroon,2008,0.6474
471,CMR,Cameroon,2009,0.6412
472,CMR,Cameroon,2010,0.635
473,CMR,Cameroon,2011,0.630666667
474,CMR,Cameroon,2012,0.626333333
475,CMR,Cameroon,2013,0.622
476,CMR,Cameroon,2014,0.5873
477,CMR,Cameroon,2015,0.5873
478,CMR,Cameroon,2016,0.5873
479,CMR,Cameroon,2017,0.5873
480,CMR,Cameroon,2018,0.5873
481,CMR,Cameroon,2019,0.5873
482,CMR,Cameroon,2020,0.5873
483,CMR,Cameroon,2021,0.5873
484,CMR,Cameroon,2022,0.5873
485,CAN,Canada,2005,0.141
486,CAN,Canada,2006,0.1406
487,CAN,Canada,2007,0.1402
488,CAN,Canada,2008,0.1398
489,CAN,Canada,2009,0.1394
490,CAN,Canada,2010,0.139
491,CAN,Canada,2011,0.138
492,CAN,Canada,2012,0.137
493,CAN,Canada,2013,0.136
494,CAN,Canada,2014,0.1292
495,CAN,Canada,2015,0.1292
496,CAN,Canada,2016,0.1292
497,CAN,Canada,2017,0.1292
498,CAN,Canada,2018,0.1292
499,CAN,Canada,2019,0.1292
500,CAN,Canada,2020,0.1292
501,CAN,Canada,2021,0.1292
502,CAN,Canada,2022,0.1292
503,CAF,Central African Republic,2005,0.682
504,CAF,Central African Republic,2006,0.6785
505,CAF,Central African Republic,2007,0.675
506,CAF,Central African Republic,2008,0.6715
507,CAF,Central African Republic,2009,0.668
508,CAF,Central African Republic,2010,0.6645
509,CAF,Central African Republic,2011,0.661
510,CAF,Central African Republic,2012,0.6575
511,CAF,Central African Republic,2013,0.654
512,CAF,Central African Republic,2014,0.6549
513,CAF,Central African Republic,2015,0.6549
514,CAF,Central African Republic,2016,0.6549
515,CAF,Central African Republic,2017,0.6549
516,CAF,Central African Republic,2018,0.6549
517,CAF,Central African Republic,2019,0.6549
518,CAF,Central African Republic,2020,0.6549
519,CAF,Central African Republic,2021,0.6549
520,CAF,Central African Republic,2022,0.6549
521,TCD,Chad,2013,0.707
522,TCD,Chad,2014,0.7065
523,TCD,Chad,2015,0.7065
524,TCD,Chad,2016,0.7065
525,TCD,Chad,2017,0.7065
526,TCD,Chad,2018,0.7065
527,TCD,Chad,2019,0.7065
528,TCD,Chad,2020,0.7065
529,TCD,Chad,2021,0.7065
530,TCD,Chad,2022,0.7065
531,CHL,Chile,2000,0.437
532,CHL,Chile,2001,0.4288
533,CHL,Chile,2002,0.4206
534,CHL,Chile,2003,0.4124
535,CHL,Chile,2004,0.4042
536,CHL,Chile,2005,0.396
537,CHL,Chile,2006,0.3894
538,CHL,Chile,2007,0.3828
539,CHL,Chile,2008,0.3762
540,CHL,Chile,2009,0.3696
541,CHL,Chile,2010,0.363
542,CHL,Chile,2011,0.360333333
543,CHL,Chile,2012,0.357666667
544,CHL,Chile,2013,0.355
545,CHL,Chile,2014,0.3376
546,CHL,Chile,2015,0.3376
547,CHL,Chile,2016,0.3376
548,CHL,Chile,2017,0.3376
549,CHL,Chile,2018,0.3376
550,CHL,Chile,2019,0.3376
551,CHL,Chile,2020,0.3376
552,CHL,Chile,2021,0.3376
553,CHL,Chile,2022,0.3376
554,CHN,China,2000,0.572
555,CHN,China,2001,0.5014
556,CHN,China,2002,0.4308
557,CHN,China,2003,0.3602
558,CHN,China,2004,0.2896
559,CHN,China,2005,0.219
560,CHN,China,2006,0.217
561,CHN,China,2007,0.215
562,CHN,China,2008,0.213
563,CHN,China,2009,0.211
564,CHN,China,2010,0.209
565,CHN,China,2011,0.206666667
566,CHN,China,2012,0.204333333
567,CHN,China,2013,0.202
568,CHN,China,2014,0.1907
569,CHN,China,2015,0.1907
570,CHN,China,2016,0.1907
571,CHN,China,2017,0.1907
572,CHN,China,2018,0.1907
573,CHN,China,2019,0.1907
574,CHN,China,2020,0.1907
575,CHN,China,2021,0.1907
576,CHN,China,2022,0.1907
577,COL,Colombia,2000,0.522
578,COL,Colombia,2001,0.5188
579,COL,Colombia,2002,0.5156
580,COL,Colombia,2003,0.5124
581,COL,Colombia,2004,0.5092
582,COL,Colombia,2005,0.506
583,COL,Colombia,2006,0.498
584,COL,Colombia,2007,0.49
585,COL,Colombia,2008,0.482
586,COL,Colombia,2009,0.474
587,COL,Colombia,2010,0.466
588,COL,Colombia,2011,0.464
589,COL,Colombia,2012,0.462
590,COL,Colombia,2013,0.46
591,COL,Colombia,2014,0.4285
592,COL,Colombia,2015,0.4285
593,COL,Colombia,2016,0.4285
594,COL,Colombia,2017,0.4285
595,COL,Colombia,2018,0.4285
596,COL,Colombia,2019,0.4285
597,COL,Colombia,2020,0.4285
598,COL,Colombia,2021,0.4285
599,COL,Colombia,2022,0.4285
600,COG,"Congo, Rep.",2000,0.613
601,COG,"Congo, Rep.",2001,0.614
602,COG,"Congo, Rep.",2002,0.615
603,COG,"Congo, Rep.",2003,0.616
604,COG,"Congo, Rep.",2004,0.617
605,COG,"Congo, Rep.",2005,0.618
606,COG,"Congo, Rep.",2006,0.6184
607,COG,"Congo, Rep.",2007,0.6188
608,COG,"Congo, Rep.",2008,0.6192
609,COG,"Congo, Rep.",2009,0.6196
610,COG,"Congo, Rep.",2010,0.62
611,COG,"Congo, Rep.",2011,0.619
612,COG,"Congo, Rep.",2012,0.618
613,COG,"Congo, Rep.",2013,0.617
614,COG,"Congo, Rep.",2014,0.5934
615,COG,"Congo, Rep.",2015,0.5934
616,COG,"Congo, Rep.",2016,0.5934
617,COG,"Congo, Rep.",2017,0.5934
618,COG,"Congo, Rep.",2018,0.5934
619,COG,"Congo, Rep.",2019,0.5934
620,COG,"Congo, Rep.",2020,0.5934
621,COG,"Congo, Rep.",2021,0.5934
622,COG,"Congo, Rep.",2022,0.5934
623,CRI,Costa Rica,2000,0.446
624,CRI,Costa Rica,2001,0.435
625,CRI,Costa Rica,2002,0.424
626,CRI,Costa Rica,2003,0.413
627,CRI,Costa Rica,2004,0.402
628,CRI,Costa Rica,2005,0.391
629,CRI,Costa Rica,2006,0.383
630,CRI,Costa Rica,2007,0.375
631,CRI,Costa Rica,2008,0.367
632,CRI,Costa Rica,2009,0.359
633,CRI,Costa Rica,2010,0.351
634,CRI,Costa Rica,2011,0.348666667
635,CRI,Costa Rica,2012,0.346333333
636,CRI,Costa Rica,2013,0.344
637,CRI,Costa Rica,2014,0.3492
638,CRI,Costa Rica,2015,0.3492
639,CRI,Costa Rica,2016,0.3492
640,CRI,Costa Rica,2017,0.3492
641,CRI,Costa Rica,2018,0.3492
642,CRI,Costa Rica,2019,0.3492
643,CRI,Costa Rica,2020,0.3492
644,CRI,Costa Rica,2021,0.3492
645,CRI,Costa Rica,2022,0.3492
646,HRV,Croatia,2000,0.208
647,HRV,Croatia,2001,0.2052
648,HRV,Croatia,2002,0.2024
649,HRV,Croatia,2003,0.1996
650,HRV,Croatia,2004,0.1968
651,HRV,Croatia,2005,0.194
652,HRV,Croatia,2006,0.192
653,HRV,Croatia,2007,0.19
654,HRV,Croatia,2008,0.188
655,HRV,Croatia,2009,0.186
656,HRV,Croatia,2010,0.184
657,HRV,Croatia,2011,0.18
658,HRV,Croatia,2012,0.176
659,HRV,Croatia,2013,0.172
660,HRV,Croatia,2014,0.1489
661,HRV,Croatia,2015,0.1489
662,HRV,Croatia,2016,0.1489
663,HRV,Croatia,2017,0.1489
664,HRV,Croatia,2018,0.1489
665,HRV,Croatia,2019,0.1489
666,HRV,Croatia,2020,0.1489
667,HRV,Croatia,2021,0.1489
668,HRV,Croatia,2022,0.1489
669,CUB,Cuba,2000,0.419
670,CUB,Cuba,2001,0.411
671,CUB,Cuba,2002,0.403
672,CUB,Cuba,2003,0.395
673,CUB,Cuba,2004,0.387
674,CUB,Cuba,2005,0.379
675,CUB,Cuba,2006,0.3754
676,CUB,Cuba,2007,0.3718
677,CUB,Cuba,2008,0.3682
678,CUB,Cuba,2009,0.3646
679,CUB,Cuba,2010,0.361
680,CUB,Cuba,2011,0.357333333
681,CUB,Cuba,2012,0.353666667
682,CUB,Cuba,2013,0.35
683,CUB,Cuba,2014,0.3559
684,CUB,Cuba,2015,0.3559
685,CUB,Cuba,2016,0.3559
686,CUB,Cuba,2017,0.3559
687,CUB,Cuba,2018,0.3559
688,CUB,Cuba,2019,0.3559
689,CUB,Cuba,2020,0.3559
690,CUB,Cuba,2021,0.3559
691,CUB,Cuba,2022,0.3559
692,CYP,Cyprus,2005,0.15
693,CYP,Cyprus,2006,0.1476
694,CYP,Cyprus,2007,0.1452
695,CYP,Cyprus,2008,0.1428
696,CYP,Cyprus,2009,0.1404
697,CYP,Cyprus,2010,0.138
698,CYP,Cyprus,2011,0.137333333
699,CYP,Cyprus,2012,0.136666667
700,CYP,Cyprus,2013,0.136
701,CYP,Cyprus,2014,0.1239
702,CYP,Cyprus,2015,0.1239
703,CYP,Cyprus,2016,0.1239
704,CYP,Cyprus,2017,0.1239
705,CYP,Cyprus,2018,0.1239
706,CYP,Cyprus,2019,0.1239
707,CYP,Cyprus,2020,0.1239
708,CYP,Cyprus,2021,0.1239
709,CYP,Cyprus,2022,0.1239
710,CZE,Czechia,2000,0.205
711,CZE,Czechia,2001,0.1946
712,CZE,Czechia,2002,0.1842
713,CZE,Czechia,2003,0.1738
714,CZE,Czechia,2004,0.1634
715,CZE,Czechia,2005,0.153
716,CZE,Czechia,2006,0.1496
717,CZE,Czechia,2007,0.1462
718,CZE,Czechia,2008,0.1428
719,CZE,Czechia,2009,0.1394
720,CZE,Czechia,2010,0.136
721,CZE,Czechia,2011,0.119666667
722,CZE,Czechia,2012,0.103333333
723,CZE,Czechia,2013,0.087
724,CZE,Czechia,2014,0.0914
725,CZE,Czechia,2015,0.0914
726,CZE,Czechia,2016,0.0914
727,CZE,Czechia,2017,0.0914
728,CZE,Czechia,2018,0.0914
729,CZE,Czechia,2019,0.0914
730,CZE,Czechia,2020,0.0914
731,CZE,Czechia,2021,0.0914
732,CZE,Czechia,2022,0.0914
733,CIV,Cote d'Ivoire,2005,0.669
734,CIV,Cote d'Ivoire,2006,0.6654
735,CIV,Cote d'Ivoire,2007,0.6618
736,CIV,Cote d'Ivoire,2008,0.6582
737,CIV,Cote d'Ivoire,2009,0.6546
738,CIV,Cote d'Ivoire,2010,0.651
739,CIV,Cote d'Ivoire,2011,0.649
740,CIV,Cote d'Ivoire,2012,0.647
741,CIV,Cote d'Ivoire,2013,0.645
742,CIV,Cote d'Ivoire,2014,0.6789
743,CIV,Cote d'Ivoire,2015,0.6789
744,CIV,Cote d'Ivoire,2016,0.6789
745,CIV,Cote d'Ivoire,2017,0.6789
746,CIV,Cote d'Ivoire,2018,0.6789
747,CIV,Cote d'Ivoire,2019,0.6789
748,CIV,Cote d'Ivoire,2020,0.6789
749,CIV,Cote d'Ivoire,2021,0.6789
750,CIV,Cote d'Ivoire,2022,0.6789
751,COD,"Congo, Dem. Rep.",2005,0.673
752,COD,"Congo, Dem. Rep.",2006,0.6728
753,COD,"Congo, Dem. Rep.",2007,0.6726
754,COD,"Congo, Dem. Rep.",2008,0.6724
755,COD,"Congo, Dem. Rep.",2009,0.6722
756,COD,"Congo, Dem. Rep.",2010,0.672
757,COD,"Congo, Dem. Rep.",2011,0.671
758,COD,"Congo, Dem. Rep.",2012,0.67
759,COD,"Congo, Dem. Rep.",2013,0.669
760,COD,"Congo, Dem. Rep.",2014,0.673
761,COD,"Congo, Dem. Rep.",2015,0.673
762,COD,"Congo, Dem. Rep.",2016,0.673
763,COD,"Congo, Dem. Rep.",2017,0.673
764,COD,"Congo, Dem. Rep.",2018,0.673
765,COD,"Congo, Dem. Rep.",2019,0.673
766,COD,"Congo, Dem. Rep.",2020,0.673
767,COD,"Congo, Dem. Rep.",2021,0.673
768,COD,"Congo, Dem. Rep.",2022,0.673
769,DNK,Denmark,2000,0.079
770,DNK,Denmark,2001,0.0768
771,DNK,Denmark,2002,0.0746
772,DNK,Denmark,2003,0.0724
773,DNK,Denmark,2004,0.0702
774,DNK,Denmark,2005,0.068
775,DNK,Denmark,2006,0.068
776,DNK,Denmark,2007,0.068
777,DNK,Denmark,2008,0.068
778,DNK,Denmark,2009,0.068
779,DNK,Denmark,2010,0.068
780,DNK,Denmark,2011,0.064
781,DNK,Denmark,2012,0.06
782,DNK,Denmark,2013,0.056
783,DNK,Denmark,2014,0.0484
784,DNK,Denmark,2015,0.0484
785,DNK,Denmark,2016,0.0484
786,DNK,Denmark,2017,0.0484
787,DNK,Denmark,2018,0.0484
788,DNK,Denmark,2019,0.0484
789,DNK,Denmark,2020,0.0484
790,DNK,Denmark,2021,0.0484
791,DNK,Denmark,2022,0.0484
792,DOM,Dominican Republic,2000,0.524
793,DOM,Dominican Republic,2001,0.522
794,DOM,Dominican Republic,2002,0.52
795,DOM,Dominican Republic,2003,0.518
796,DOM,Dominican Republic,2004,0.516
797,DOM,Dominican Republic,2005,0.514
798,DOM,Dominican Republic,2006,0.5124
799,DOM,Dominican Republic,2007,0.5108
800,DOM,Dominican Republic,2008,0.5092
801,DOM,Dominican Republic,2009,0.5076
802,DOM,Dominican Republic,2010,0.506
803,DOM,Dominican Republic,2011,0.505666667
804,DOM,Dominican Republic,2012,0.505333333
805,DOM,Dominican Republic,2013,0.505
806,DOM,Dominican Republic,2014,0.4773
807,DOM,Dominican Republic,2015,0.4773
808,DOM,Dominican Republic,2016,0.4773
809,DOM,Dominican Republic,2017,0.4773
810,DOM,Dominican Republic,2018,0.4773
811,DOM,Dominican Republic,2019,0.4773
812,DOM,Dominican Republic,2020,0.4773
813,DOM,Dominican Republic,2021,0.4773
814,DOM,Dominican Republic,2022,0.4773
815,ECU,Ecuador,2000,0.507
816,ECU,Ecuador,2001,0.5026
817,ECU,Ecuador,2002,0.4982
818,ECU,Ecuador,2003,0.4938
819,ECU,Ecuador,2004,0.4894
820,ECU,Ecuador,2005,0.485
821,ECU,Ecuador,2006,0.4774
822,ECU,Ecuador,2007,0.4698
823,ECU,Ecuador,2008,0.4622
824,ECU,Ecuador,2009,0.4546
825,ECU,Ecuador,2010,0.447
826,ECU,Ecuador,2011,0.441
827,ECU,Ecuador,2012,0.435
828,ECU,Ecuador,2013,0.429
829,ECU,Ecuador,2014,0.4073
830,ECU,Ecuador,2015,0.4073
831,ECU,Ecuador,2016,0.4073
832,ECU,Ecuador,2017,0.4073
833,ECU,Ecuador,2018,0.4073
834,ECU,Ecuador,2019,0.4073
835,ECU,Ecuador,2020,0.4073
836,ECU,Ecuador,2021,0.4073
837,ECU,Ecuador,2022,0.4073
838,EGY,"Egypt, Arab Rep.",2000,0.66
839,EGY,"Egypt, Arab Rep.",2001,0.6488
840,EGY,"Egypt, Arab Rep.",2002,0.6376
841,EGY,"Egypt, Arab Rep.",2003,0.6264
842,EGY,"Egypt, Arab Rep.",2004,0.6152
843,EGY,"Egypt, Arab Rep.",2005,0.604
844,EGY,"Egypt, Arab Rep.",2006,0.601
845,EGY,"Egypt, Arab Rep.",2007,0.598
846,EGY,"Egypt, Arab Rep.",2008,0.595
847,EGY,"Egypt, Arab Rep.",2009,0.592
848,EGY,"Egypt, Arab Rep.",2010,0.589
849,EGY,"Egypt, Arab Rep.",2011,0.586
850,EGY,"Egypt, Arab Rep.",2012,0.583
851,EGY,"Egypt, Arab Rep.",2013,0.58
852,EGY,"Egypt, Arab Rep.",2014,0.5726
853,EGY,"Egypt, Arab Rep.",2015,0.5726
854,EGY,"Egypt, Arab Rep.",2016,0.5726
855,EGY,"Egypt, Arab Rep.",2017,0.5726
856,EGY,"Egypt, Arab Rep.",2018,0.5726
857,EGY,"Egypt, Arab Rep.",2019,0.5726
858,EGY,"Egypt, Arab Rep.",2020,0.5726
859,EGY,"Egypt, Arab Rep.",2021,0.5726
860,EGY,"Egypt, Arab Rep.",2022,0.5726
861,SLV,El Salvador,2005,0.517
862,SLV,El Salvador,2006,0.5068
863,SLV,El Salvador,2007,0.4966
864,SLV,El Salvador,2008,0.4864
865,SLV,El Salvador,2009,0.4762
866,SLV,El Salvador,2010,0.466
867,SLV,El Salvador,2011,0.457666667
868,SLV,El Salvador,2012,0.449333333
869,SLV,El Salvador,2013,0.441
870,SLV,El Salvador,2014,0.4269
871,SLV,El Salvador,2015,0.4269
872,SLV,El Salvador,2016,0.4269
873,SLV,El Salvador,2017,0.4269
874,SLV,El Salvador,2018,0.4269
875,SLV,El Salvador,2019,0.4269
876,SLV,El Salvador,2020,0.4269
877,SLV,El Salvador,2021,0.4269
878,SLV,El Salvador,2022,0.4269
879,EST,Estonia,2000,0.29
880,EST,Estonia,2001,0.2802
881,EST,Estonia,2002,0.2704
882,EST,Estonia,2003,0.2606
883,EST,Estonia,2004,0.2508
884,EST,Estonia,2005,0.241
885,EST,Estonia,2006,0.230125
886,EST,Estonia,2007,0.21925
887,EST,Estonia,2008,0.208375
888,EST,Estonia,2009,0.1975
889,EST,Estonia,2010,0.186625
890,EST,Estonia,2011,0.17575
891,EST,Estonia,2012,0.164875
892,EST,Estonia,2013,0.154
893,EST,Estonia,2014,0.1638
894,EST,Estonia,2015,0.1638
895,EST,Estonia,2016,0.1638
896,EST,Estonia,2017,0.1638
897,EST,Estonia,2018,0.1638
898,EST,Estonia,2019,0.1638
899,EST,Estonia,2020,0.1638
900,EST,Estonia,2021,0.1638
901,EST,Estonia,2022,0.1638
902,SWZ,Eswatini,2000,0.613
903,SWZ,Eswatini,2001,0.6058
904,SWZ,Eswatini,2002,0.5986
905,SWZ,Eswatini,2003,0.5914
906,SWZ,Eswatini,2004,0.5842
907,SWZ,Eswatini,2005,0.577
908,SWZ,Eswatini,2006,0.57
909,SWZ,Eswatini,2007,0.563
910,SWZ,Eswatini,2008,0.556
911,SWZ,Eswatini,2009,0.549
912,SWZ,Eswatini,2010,0.542
913,SWZ,Eswatini,2011,0.537666667
914,SWZ,Eswatini,2012,0.533333333
915,SWZ,Eswatini,2013,0.529
916,SWZ,Eswatini,2014,0.5572
917,SWZ,Eswatini,2015,0.5572
918,SWZ,Eswatini,2016,0.5572
919,SWZ,Eswatini,2017,0.5572
920,SWZ,Eswatini,2018,0.5572
921,SWZ,Eswatini,2019,0.5572
922,SWZ,Eswatini,2020,0.5572
923,SWZ,Eswatini,2021,0.5572
924,SWZ,Eswatini,2022,0.5572
925,ETH,Ethiopia,2013,0.547
926,ETH,Ethiopia,2014,0.5583
927,ETH,Ethiopia,2015,0.5583
928,ETH,Ethiopia,2016,0.5583
929,ETH,Ethiopia,2017,0.5583
930,ETH,Ethiopia,2018,0.5583
931,ETH,Ethiopia,2019,0.5583
932,ETH,Ethiopia,2020,0.5583
933,ETH,Ethiopia,2021,0.5583
934,ETH,Ethiopia,2022,0.5583
935,FJI,Fiji,2005,0.387
936,FJI,Fiji,2006,0.390455556
937,FJI,Fiji,2007,0.393911111
938,FJI,Fiji,2008,0.397366667
939,FJI,Fiji,2009,0.400822222
940,FJI,Fiji,2010,0.404277778
941,FJI,Fiji,2011,0.407733333
942,FJI,Fiji,2012,0.411188889
943,FJI,Fiji,2013,0.414644444
944,FJI,Fiji,2014,0.4181
945,FJI,Fiji,2015,0.4181
946,FJI,Fiji,2016,0.4181
947,FJI,Fiji,2017,0.4181
948,FJI,Fiji,2018,0.4181
949,FJI,Fiji,2019,0.4181
950,FJI,Fiji,2020,0.4181
951,FJI,Fiji,2021,0.4181
952,FJI,Fiji,2022,0.4181
953,FIN,Finland,2000,0.088
954,FIN,Finland,2001,0.0882
955,FIN,Finland,2002,0.0884
956,FIN,Finland,2003,0.0886
957,FIN,Finland,2004,0.0888
958,FIN,Finland,2005,0.089
959,FIN,Finland,2006,0.0866
960,FIN,Finland,2007,0.0842
961,FIN,Finland,2008,0.0818
962,FIN,Finland,2009,0.0794
963,FIN,Finland,2010,0.077
964,FIN,Finland,2011,0.076333333
965,FIN,Finland,2012,0.075666667
966,FIN,Finland,2013,0.075
967,FIN,Finland,2014,0.0747
968,FIN,Finland,2015,0.0747
969,FIN,Finland,2016,0.0747
970,FIN,Finland,2017,0.0747
971,FIN,Finland,2018,0.0747
972,FIN,Finland,2019,0.0747
973,FIN,Finland,2020,0.0747
974,FIN,Finland,2021,0.0747
975,FIN,Finland,2022,0.0747
976,FRA,France,2000,0.182
977,FRA,France,2001,0.177
978,FRA,France,2002,0.172
979,FRA,France,2003,0.167
980,FRA,France,2004,0.162
981,FRA,France,2005,0.157
982,FRA,France,2006,0.1506
983,FRA,France,2007,0.1442
984,FRA,France,2008,0.1378
985,FRA,France,2009,0.1314
986,FRA,France,2010,0.125
987,FRA,France,2011,0.11
988,FRA,France,2012,0.095
989,FRA,France,2013,0.08
990,FRA,France,2014,0.0884
991,FRA,France,2015,0.0884
992,FRA,France,2016,0.0884
993,FRA,France,2017,0.0884
994,FRA,France,2018,0.0884
995,FRA,France,2019,0.0884
996,FRA,France,2020,0.0884
997,FRA,France,2021,0.0884
998,FRA,France,2022,0.0884
999,GAB,Gabon,2005,0.547
1000,GAB,Gabon,2006,0.541
1001,GAB,Gabon,2007,0.535
1002,GAB,Gabon,2008,0.529
1003,GAB,Gabon,2009,0.523
1004,GAB,Gabon,2010,0.517
1005,GAB,Gabon,2011,0.514
1006,GAB,Gabon,2012,0.511
1007,GAB,Gabon,2013,0.508
1008,GAB,Gabon,2014,0.5137
1009,GAB,Gabon,2015,0.5137
1010,GAB,Gabon,2016,0.5137
1011,GAB,Gabon,2017,0.5137
1012,GAB,Gabon,2018,0.5137
1013,GAB,Gabon,2019,0.5137
1014,GAB,Gabon,2020,0.5137
1015,GAB,Gabon,2021,0.5137
1016,GAB,Gabon,2022,0.5137
1017,GMB,"Gambia, The",2000,0.718
1018,GMB,"Gambia, The",2001,0.6972
1019,GMB,"Gambia, The",2002,0.6764
1020,GMB,"Gambia, The",2003,0.6556
1021,GMB,"Gambia, The",2004,0.6348
1022,GMB,"Gambia, The",2005,0.614
1023,GMB,"Gambia, The",2006,0.6158
1024,GMB,"Gambia, The",2007,0.6176
1025,GMB,"Gambia, The",2008,0.6194
1026,GMB,"Gambia, The",2009,0.6212
1027,GMB,"Gambia, The",2010,0.623
1028,GMB,"Gambia, The",2011,0.623333333
1029,GMB,"Gambia, The",2012,0.623666667
1030,GMB,"Gambia, The",2013,0.624
1031,GMB,"Gambia, The",2014,0.6224
1032,GMB,"Gambia, The",2015,0.6224
1033,GMB,"Gambia, The",2016,0.6224
1034,GMB,"Gambia, The",2017,0.6224
1035,GMB,"Gambia, The",2018,0.6224
1036,GMB,"Gambia, The",2019,0.6224
1037,GMB,"Gambia, The",2020,0.6224
1038,GMB,"Gambia, The",2021,0.6224
1039,GMB,"Gambia, The",2022,0.6224
1040,GEO,Georgia,2014,0.3816
1041,GEO,Georgia,2015,0.3816
1042,GEO,Georgia,2016,0.3816
1043,GEO,Georgia,2017,0.3816
1044,GEO,Georgia,2018,0.3816
1045,GEO,Georgia,2019,0.3816
1046,GEO,Georgia,2020,0.3816
1047,GEO,Georgia,2021,0.3816
1048,GEO,Georgia,2022,0.3816
1049,DEU,Germany,2000,0.132
1050,DEU,Germany,2001,0.129
1051,DEU,Germany,2002,0.126
1052,DEU,Germany,2003,0.123
1053,DEU,Germany,2004,0.12
1054,DEU,Germany,2005,0.117
1055,DEU,Germany,2006,0.113
1056,DEU,Germany,2007,0.109
1057,DEU,Germany,2008,0.105
1058,DEU,Germany,2009,0.101
1059,DEU,Germany,2010,0.097
1060,DEU,Germany,2011,0.08
1061,DEU,Germany,2012,0.063
1062,DEU,Germany,2013,0.046
1063,DEU,Germany,2014,0.0407
1064,DEU,Germany,2015,0.0407
1065,DEU,Germany,2016,0.0407
1066,DEU,Germany,2017,0.0407
1067,DEU,Germany,2018,0.0407
1068,DEU,Germany,2019,0.0407
1069,DEU,Germany,2020,0.0407
1070,DEU,Germany,2021,0.0407
1071,DEU,Germany,2022,0.0407
1072,GHA,Ghana,2005,0.582
1073,GHA,Ghana,2006,0.5794
1074,GHA,Ghana,2007,0.5768
1075,GHA,Ghana,2008,0.5742
1076,GHA,Ghana,2009,0.5716
1077,GHA,Ghana,2010,0.569
1078,GHA,Ghana,2011,0.562333333
1079,GHA,Ghana,2012,0.555666667
1080,GHA,Ghana,2013,0.549
1081,GHA,Ghana,2014,0.5537
1082,GHA,Ghana,2015,0.5537
1083,GHA,Ghana,2016,0.5537
1084,GHA,Ghana,2017,0.5537
1085,GHA,Ghana,2018,0.5537
1086,GHA,Ghana,2019,0.5537
1087,GHA,Ghana,2020,0.5537
1088,GHA,Ghana,2021,0.5537
1089,GHA,Ghana,2022,0.5537
1090,GRC,Greece,2005,0.179
1091,GRC,Greece,2006,0.1752
1092,GRC,Greece,2007,0.1714
1093,GRC,Greece,2008,0.1676
1094,GRC,Greece,2009,0.1638
1095,GRC,Greece,2010,0.16
1096,GRC,Greece,2011,0.155333333
1097,GRC,Greece,2012,0.150666667
1098,GRC,Greece,2013,0.146
1099,GRC,Greece,2014,0.1464
1100,GRC,Greece,2015,0.1464
1101,GRC,Greece,2016,0.1464
1102,GRC,Greece,2017,0.1464
1103,GRC,Greece,2018,0.1464
1104,GRC,Greece,2019,0.1464
1105,GRC,Greece,2020,0.1464
1106,GRC,Greece,2021,0.1464
1107,GRC,Greece,2022,0.1464
1108,GTM,Guatemala,2005,0.577
1109,GTM,Guatemala,2006,0.571
1110,GTM,Guatemala,2007,0.565
1111,GTM,Guatemala,2008,0.559
1112,GTM,Guatemala,2009,0.553
1113,GTM,Guatemala,2010,0.547
1114,GTM,Guatemala,2011,0.539
1115,GTM,Guatemala,2012,0.531
1116,GTM,Guatemala,2013,0.523
1117,GTM,Guatemala,2014,0.5332
1118,GTM,Guatemala,2015,0.5332
1119,GTM,Guatemala,2016,0.5332
1120,GTM,Guatemala,2017,0.5332
1121,GTM,Guatemala,2018,0.5332
1122,GTM,Guatemala,2019,0.5332
1123,GTM,Guatemala,2020,0.5332
1124,GTM,Guatemala,2021,0.5332
1125,GTM,Guatemala,2022,0.5332
1126,GUY,Guyana,2000,0.528
1127,GUY,Guyana,2001,0.5286
1128,GUY,Guyana,2002,0.5292
1129,GUY,Guyana,2003,0.5298
1130,GUY,Guyana,2004,0.5304
1131,GUY,Guyana,2005,0.531
1132,GUY,Guyana,2006,0.532
1133,GUY,Guyana,2007,0.533
1134,GUY,Guyana,2008,0.534
1135,GUY,Guyana,2009,0.535
1136,GUY,Guyana,2010,0.536
1137,GUY,Guyana,2011,0.532
1138,GUY,Guyana,2012,0.528
1139,GUY,Guyana,2013,0.524
1140,GUY,Guyana,2014,0.5153
1141,GUY,Guyana,2015,0.5153
1142,GUY,Guyana,2016,0.5153
1143,GUY,Guyana,2017,0.5153
1144,GUY,Guyana,2018,0.5153
1145,GUY,Guyana,2019,0.5153
1146,GUY,Guyana,2020,0.5153
1147,GUY,Guyana,2021,0.5153
1148,GUY,Guyana,2022,0.5153
1149,HTI,Haiti,2005,0.574
1150,HTI,Haiti,2006,0.5784
1151,HTI,Haiti,2007,0.5828
1152,HTI,Haiti,2008,0.5872
1153,HTI,Haiti,2009,0.5916
1154,HTI,Haiti,2010,0.596
1155,HTI,Haiti,2011,0.597
1156,HTI,Haiti,2012,0.598
1157,HTI,Haiti,2013,0.599
1158,HTI,Haiti,2014,0.6026
1159,HTI,Haiti,2015,0.6026
1160,HTI,Haiti,2016,0.6026
1161,HTI,Haiti,2017,0.6026
1162,HTI,Haiti,2018,0.6026
1163,HTI,Haiti,2019,0.6026
1164,HTI,Haiti,2020,0.6026
1165,HTI,Haiti,2021,0.6026
1166,HTI,Haiti,2022,0.6026
1167,HND,Honduras,2005,0.516
1168,HND,Honduras,2006,0.5136
1169,HND,Honduras,2007,0.5112
1170,HND,Honduras,2008,0.5088
1171,HND,Honduras,2009,0.5064
1172,HND,Honduras,2010,0.504
1173,HND,Honduras,2011,0.496666667
1174,HND,Honduras,2012,0.489333333
1175,HND,Honduras,2013,0.482
1176,HND,Honduras,2014,0.4796
1177,HND,Honduras,2015,0.4796
1178,HND,Honduras,2016,0.4796
1179,HND,Honduras,2017,0.4796
1180,HND,Honduras,2018,0.4796
1181,HND,Honduras,2019,0.4796
1182,HND,Honduras,2020,0.4796
1183,HND,Honduras,2021,0.4796
1184,HND,Honduras,2022,0.4796
1185,HUN,Hungary,2005,0.234
1186,HUN,Hungary,2006,0.2434
1187,HUN,Hungary,2007,0.2528
1188,HUN,Hungary,2008,0.2622
1189,HUN,Hungary,2009,0.2716
1190,HUN,Hungary,2010,0.281
1191,HUN,Hungary,2011,0.269666667
1192,HUN,Hungary,2012,0.258333333
1193,HUN,Hungary,2013,0.247
1194,HUN,Hungary,2014,0.2089
1195,HUN,Hungary,2015,0.2089
1196,HUN,Hungary,2016,0.2089
1197,HUN,Hungary,2017,0.2089
1198,HUN,Hungary,2018,0.2089
1199,HUN,Hungary,2019,0.2089
1200,HUN,Hungary,2020,0.2089
1201,HUN,Hungary,2021,0.2089
1202,HUN,Hungary,2022,0.2089
1203,ISL,Iceland,2000,0.14
1204,ISL,Iceland,2001,0.1362
1205,ISL,Iceland,2002,0.1324
1206,ISL,Iceland,2003,0.1286
1207,ISL,Iceland,2004,0.1248
1208,ISL,Iceland,2005,0.121
1209,ISL,Iceland,2006,0.116
1210,ISL,Iceland,2007,0.111
1211,ISL,Iceland,2008,0.106
1212,ISL,Iceland,2009,0.101
1213,ISL,Iceland,2010,0.096
1214,ISL,Iceland,2011,0.093333333
1215,ISL,Iceland,2012,0.090666667
1216,ISL,Iceland,2013,0.088
1217,ISL,Iceland,2014,0.0869
1218,ISL,Iceland,2015,0.0869
1219,ISL,Iceland,2016,0.0869
1220,ISL,Iceland,2017,0.0869
1221,ISL,Iceland,2018,0.0869
1222,ISL,Iceland,2019,0.0869
1223,ISL,Iceland,2020,0.0869
1224,ISL,Iceland,2021,0.0869
1225,ISL,Iceland,2022,0.0869
1226,IND,India,2005,0.621
1227,IND,India,2006,0.6148
1228,IND,India,2007,0.6086
1229,IND,India,2008,0.6024
1230,IND,India,2009,0.5962
1231,IND,India,2010,0.59
1232,IND,India,2011,0.581
1233,IND,India,2012,0.572
1234,IND,India,2013,0.563
1235,IND,India,2014,0.5629
1236,IND,India,2015,0.5629
1237,IND,India,2016,0.5629
1238,IND,India,2017,0.5629
1239,IND,India,2018,0.5629
1240,IND,India,2019,0.5629
1241,IND,India,2020,0.5629
1242,IND,India,2021,0.5629
1243,IND,India,2022,0.5629
1244,IDN,Indonesia,2005,0.551
1245,IDN,Indonesia,2006,0.5424
1246,IDN,Indonesia,2007,0.5338
1247,IDN,Indonesia,2008,0.5252
1248,IDN,Indonesia,2009,0.5166
1249,IDN,Indonesia,2010,0.508
1250,IDN,Indonesia,2011,0.505333333
1251,IDN,Indonesia,2012,0.502666667
1252,IDN,Indonesia,2013,0.5
1253,IDN,Indonesia,2014,0.494
1254,IDN,Indonesia,2015,0.494
1255,IDN,Indonesia,2016,0.494
1256,IDN,Indonesia,2017,0.494
1257,IDN,Indonesia,2018,0.494
1258,IDN,Indonesia,2019,0.494
1259,IDN,Indonesia,2020,0.494
1260,IDN,Indonesia,2021,0.494
1261,IDN,Indonesia,2022,0.494
1262,IRN,"Iran, Islamic Rep.",2000,0.622
1263,IRN,"Iran, Islamic Rep.",2001,0.603
1264,IRN,"Iran, Islamic Rep.",2002,0.584
1265,IRN,"Iran, Islamic Rep.",2003,0.565
1266,IRN,"Iran, Islamic Rep.",2004,0.546
1267,IRN,"Iran, Islamic Rep.",2005,0.527
1268,IRN,"Iran, Islamic Rep.",2006,0.5286
1269,IRN,"Iran, Islamic Rep.",2007,0.5302
1270,IRN,"Iran, Islamic Rep.",2008,0.5318
1271,IRN,"Iran, Islamic Rep.",2009,0.5334
1272,IRN,"Iran, Islamic Rep.",2010,0.535
1273,IRN,"Iran, Islamic Rep.",2011,0.526666667
1274,IRN,"Iran, Islamic Rep.",2012,0.518333333
1275,IRN,"Iran, Islamic Rep.",2013,0.51
1276,IRN,"Iran, Islamic Rep.",2014,0.5146
1277,IRN,"Iran, Islamic Rep.",2015,0.5146
1278,IRN,"Iran, Islamic Rep.",2016,0.5146
1279,IRN,"Iran, Islamic Rep.",2017,0.5146
1280,IRN,"Iran, Islamic Rep.",2018,0.5146
1281,IRN,"Iran, Islamic Rep.",2019,0.5146
1282,IRN,"Iran, Islamic Rep.",2020,0.5146
1283,IRN,"Iran, Islamic Rep.",2021,0.5146
1284,IRN,"Iran, Islamic Rep.",2022,0.5146
1285,IRQ,Iraq,2005,0.797
1286,IRQ,Iraq,2006,0.7472
1287,IRQ,Iraq,2007,0.6974
1288,IRQ,Iraq,2008,0.6476
1289,IRQ,Iraq,2009,0.5978
1290,IRQ,Iraq,2010,0.548
1291,IRQ,Iraq,2011,0.546
1292,IRQ,Iraq,2012,0.544
1293,IRQ,Iraq,2013,0.542
1294,IRQ,Iraq,2014,0.5388
1295,IRQ,Iraq,2015,0.5388
1296,IRQ,Iraq,2016,0.5388
1297,IRQ,Iraq,2017,0.5388
1298,IRQ,Iraq,2018,0.5388
1299,IRQ,Iraq,2019,0.5388
1300,IRQ,Iraq,2020,0.5388
1301,IRQ,Iraq,2021,0.5388
1302,IRQ,Iraq,2022,0.5388
1303,IRL,Ireland,2000,0.204
1304,IRL,Ireland,2001,0.2022
1305,IRL,Ireland,2002,0.2004
1306,IRL,Ireland,2003,0.1986
1307,IRL,Ireland,2004,0.1968
1308,IRL,Ireland,2005,0.195
1309,IRL,Ireland,2006,0.1898
1310,IRL,Ireland,2007,0.1846
1311,IRL,Ireland,2008,0.1794
1312,IRL,Ireland,2009,0.1742
1313,IRL,Ireland,2010,0.169
1314,IRL,Ireland,2011,0.151
1315,IRL,Ireland,2012,0.133
1316,IRL,Ireland,2013,0.115
1317,IRL,Ireland,2014,0.1129
1318,IRL,Ireland,2015,0.1129
1319,IRL,Ireland,2016,0.1129
1320,IRL,Ireland,2017,0.1129
1321,IRL,Ireland,2018,0.1129
1322,IRL,Ireland,2019,0.1129
1323,IRL,Ireland,2020,0.1129
1324,IRL,Ireland,2021,0.1129
1325,IRL,Ireland,2022,0.1129
1326,ISR,Israel,2000,0.192
1327,ISR,Israel,2001,0.1878
1328,ISR,Israel,2002,0.1836
1329,ISR,Israel,2003,0.1794
1330,ISR,Israel,2004,0.1752
1331,ISR,Israel,2005,0.171
1332,ISR,Israel,2006,0.1654
1333,ISR,Israel,2007,0.1598
1334,ISR,Israel,2008,0.1542
1335,ISR,Israel,2009,0.1486
1336,ISR,Israel,2010,0.143
1337,ISR,Israel,2011,0.129
1338,ISR,Israel,2012,0.115
1339,ISR,Israel,2013,0.101
1340,ISR,Israel,2014,0.1009
1341,ISR,Israel,2015,0.1009
1342,ISR,Israel,2016,0.1009
1343,ISR,Israel,2017,0.1009
1344,ISR,Israel,2018,0.1009
1345,ISR,Israel,2019,0.1009
1346,ISR,Israel,2020,0.1009
1347,ISR,Israel,2021,0.1009
1348,ISR,Israel,2022,0.1009
1349,ITA,Italy,2000,0.184
1350,ITA,Italy,2001,0.1822
1351,ITA,Italy,2002,0.1804
1352,ITA,Italy,2003,0.1786
1353,ITA,Italy,2004,0.1768
1354,ITA,Italy,2005,0.175
1355,ITA,Italy,2006,0.1646
1356,ITA,Italy,2007,0.1542
1357,ITA,Italy,2008,0.1438
1358,ITA,Italy,2009,0.1334
1359,ITA,Italy,2010,0.123
1360,ITA,Italy,2011,0.104333333
1361,ITA,Italy,2012,0.085666667
1362,ITA,Italy,2013,0.067
1363,ITA,Italy,2014,0.0676
1364,ITA,Italy,2015,0.0676
1365,ITA,Italy,2016,0.0676
1366,ITA,Italy,2017,0.0676
1367,ITA,Italy,2018,0.0676
1368,ITA,Italy,2019,0.0676
1369,ITA,Italy,2020,0.0676
1370,ITA,Italy,2021,0.0676
1371,ITA,Italy,2022,0.0676
1372,JAM,Jamaica,2000,0.457
1373,JAM,Jamaica,2001,0.4586
1374,JAM,Jamaica,2002,0.4602
1375,JAM,Jamaica,2003,0.4618
1376,JAM,Jamaica,2004,0.4634
1377,JAM,Jamaica,2005,0.465
1378,JAM,Jamaica,2006,0.4646
1379,JAM,Jamaica,2007,0.4642
1380,JAM,Jamaica,2008,0.4638
1381,JAM,Jamaica,2009,0.4634
1382,JAM,Jamaica,2010,0.463
1383,JAM,Jamaica,2011,0.461
1384,JAM,Jamaica,2012,0.459
1385,JAM,Jamaica,2013,0.457
1386,JAM,Jamaica,2014,0.43
1387,JAM,Jamaica,2015,0.43
1388,JAM,Jamaica,2016,0.43
1389,JAM,Jamaica,2017,0.43
1390,JAM,Jamaica,2018,0.43
1391,JAM,Jamaica,2019,0.43
1392,JAM,Jamaica,2020,0.43
1393,JAM,Jamaica,2021,0.43
1394,JAM,Jamaica,2022,0.43
1395,JPN,Japan,2000,0.136
1396,JPN,Japan,2001,0.1386
1397,JPN,Japan,2002,0.1412
1398,JPN,Japan,2003,0.1438
1399,JPN,Japan,2004,0.1464
1400,JPN,Japan,2005,0.149
1401,JPN,Japan,2006,0.1436
1402,JPN,Japan,2007,0.1382
1403,JPN,Japan,2008,0.1328
1404,JPN,Japan,2009,0.1274
1405,JPN,Japan,2010,0.122
1406,JPN,Japan,2011,0.127333333
1407,JPN,Japan,2012,0.132666667
1408,JPN,Japan,2013,0.138
1409,JPN,Japan,2014,0.1326
1410,JPN,Japan,2015,0.1326
1411,JPN,Japan,2016,0.1326
1412,JPN,Japan,2017,0.1326
1413,JPN,Japan,2018,0.1326
1414,JPN,Japan,2019,0.1326
1415,JPN,Japan,2020,0.1326
1416,JPN,Japan,2021,0.1326
1417,JPN,Japan,2022,0.1326
1418,JOR,Jordan,2000,0.639
1419,JOR,Jordan,2001,0.6256
1420,JOR,Jordan,2002,0.6122
1421,JOR,Jordan,2003,0.5988
1422,JOR,Jordan,2004,0.5854
1423,JOR,Jordan,2005,0.572
1424,JOR,Jordan,2006,0.558
1425,JOR,Jordan,2007,0.544
1426,JOR,Jordan,2008,0.53
1427,JOR,Jordan,2009,0.516
1428,JOR,Jordan,2010,0.502
1429,JOR,Jordan,2011,0.497333333
1430,JOR,Jordan,2012,0.492666667
1431,JOR,Jordan,2013,0.488
1432,JOR,Jordan,2014,0.4734
1433,JOR,Jordan,2015,0.4734
1434,JOR,Jordan,2016,0.4734
1435,JOR,Jordan,2017,0.4734
1436,JOR,Jordan,2018,0.4734
1437,JOR,Jordan,2019,0.4734
1438,JOR,Jordan,2020,0.4734
1439,JOR,Jordan,2021,0.4734
1440,JOR,Jordan,2022,0.4734
1441,KAZ,Kazakhstan,2000,0.407
1442,KAZ,Kazakhstan,2001,0.3994
1443,KAZ,Kazakhstan,2002,0.3918
1444,KAZ,Kazakhstan,2003,0.3842
1445,KAZ,Kazakhstan,2004,0.3766
1446,KAZ,Kazakhstan,2005,0.369
1447,KAZ,Kazakhstan,2006,0.3628
1448,KAZ,Kazakhstan,2007,0.3566
1449,KAZ,Kazakhstan,2008,0.3504
1450,KAZ,Kazakhstan,2009,0.3442
1451,KAZ,Kazakhstan,2010,0.338
1452,KAZ,Kazakhstan,2011,0.333
1453,KAZ,Kazakhstan,2012,0.328
1454,KAZ,Kazakhstan,2013,0.323
1455,KAZ,Kazakhstan,2014,0.2672
1456,KAZ,Kazakhstan,2015,0.2672
1457,KAZ,Kazakhstan,2016,0.2672
1458,KAZ,Kazakhstan,2017,0.2672
1459,KAZ,Kazakhstan,2018,0.2672
1460,KAZ,Kazakhstan,2019,0.2672
1461,KAZ,Kazakhstan,2020,0.2672
1462,KAZ,Kazakhstan,2021,0.2672
1463,KAZ,Kazakhstan,2022,0.2672
1464,KEN,Kenya,2000,0.682
1465,KEN,Kenya,2001,0.674
1466,KEN,Kenya,2002,0.666
1467,KEN,Kenya,2003,0.658
1468,KEN,Kenya,2004,0.65
1469,KEN,Kenya,2005,0.642
1470,KEN,Kenya,2006,0.6348
1471,KEN,Kenya,2007,0.6276
1472,KEN,Kenya,2008,0.6204
1473,KEN,Kenya,2009,0.6132
1474,KEN,Kenya,2010,0.606
1475,KEN,Kenya,2011,0.586666667
1476,KEN,Kenya,2012,0.567333333
1477,KEN,Kenya,2013,0.548
1478,KEN,Kenya,2014,0.5522
1479,KEN,Kenya,2015,0.5522
1480,KEN,Kenya,2016,0.5522
1481,KEN,Kenya,2017,0.5522
1482,KEN,Kenya,2018,0.5522
1483,KEN,Kenya,2019,0.5522
1484,KEN,Kenya,2020,0.5522
1485,KEN,Kenya,2021,0.5522
1486,KEN,Kenya,2022,0.5522
1487,KWT,Kuwait,2000,0.581
1488,KWT,Kuwait,2001,0.5394
1489,KWT,Kuwait,2002,0.4978
1490,KWT,Kuwait,2003,0.4562
1491,KWT,Kuwait,2004,0.4146
1492,KWT,Kuwait,2005,0.373
1493,KWT,Kuwait,2006,0.3512
1494,KWT,Kuwait,2007,0.3294
1495,KWT,Kuwait,2008,0.3076
1496,KWT,Kuwait,2009,0.2858
1497,KWT,Kuwait,2010,0.264
1498,KWT,Kuwait,2011,0.272
1499,KWT,Kuwait,2012,0.28
1500,KWT,Kuwait,2013,0.288
1501,KWT,Kuwait,2014,0.3873
1502,KWT,Kuwait,2015,0.3873
1503,KWT,Kuwait,2016,0.3873
1504,KWT,Kuwait,2017,0.3873
1505,KWT,Kuwait,2018,0.3873
1506,KWT,Kuwait,2019,0.3873
1507,KWT,Kuwait,2020,0.3873
1508,KWT,Kuwait,2021,0.3873
1509,KWT,Kuwait,2022,0.3873
1510,KGZ,Kyrgyz Republic,2000,0.49
1511,KGZ,Kyrgyz Republic,2001,0.5272
1512,KGZ,Kyrgyz Republic,2002,0.5644
1513,KGZ,Kyrgyz Republic,2003,0.6016
1514,KGZ,Kyrgyz Republic,2004,0.6388
1515,KGZ,Kyrgyz Republic,2005,0.676
1516,KGZ,Kyrgyz Republic,2006,0.6106
1517,KGZ,Kyrgyz Republic,2007,0.5452
1518,KGZ,Kyrgyz Republic,2008,0.4798
1519,KGZ,Kyrgyz Republic,2009,0.4144
1520,KGZ,Kyrgyz Republic,2010,0.349
1521,KGZ,Kyrgyz Republic,2011,0.348666667
1522,KGZ,Kyrgyz Republic,2012,0.348333333
1523,KGZ,Kyrgyz Republic,2013,0.348
1524,KGZ,Kyrgyz Republic,2014,0.3528
1525,KGZ,Kyrgyz Republic,2015,0.3528
1526,KGZ,Kyrgyz Republic,2016,0.3528
1527,KGZ,Kyrgyz Republic,2017,0.3528
1528,KGZ,Kyrgyz Republic,2018,0.3528
1529,KGZ,Kyrgyz Republic,2019,0.3528
1530,KGZ,Kyrgyz Republic,2020,0.3528
1531,KGZ,Kyrgyz Republic,2021,0.3528
1532,KGZ,Kyrgyz Republic,2022,0.3528
1533,LAO,Lao PDR,2000,0.604
1534,LAO,Lao PDR,2001,0.5968
1535,LAO,Lao PDR,2002,0.5896
1536,LAO,Lao PDR,2003,0.5824
1537,LAO,Lao PDR,2004,0.5752
1538,LAO,Lao PDR,2005,0.568
1539,LAO,Lao PDR,2006,0.5628
1540,LAO,Lao PDR,2007,0.5576
1541,LAO,Lao PDR,2008,0.5524
1542,LAO,Lao PDR,2009,0.5472
1543,LAO,Lao PDR,2010,0.542
1544,LAO,Lao PDR,2011,0.539333333
1545,LAO,Lao PDR,2012,0.536666667
1546,LAO,Lao PDR,2013,0.534
1547,LAO,Lao PDR,2014,0.534
1548,LAO,Lao PDR,2015,0.534
1549,LAO,Lao PDR,2016,0.534
1550,LAO,Lao PDR,2017,0.534
1551,LAO,Lao PDR,2018,0.534
1552,LAO,Lao PDR,2019,0.534
1553,LAO,Lao PDR,2020,0.534
1554,LAO,Lao PDR,2021,0.534
1555,LAO,Lao PDR,2022,0.534
1556,LVA,Latvia,2000,0.3
1557,LVA,Latvia,2001,0.2828
1558,LVA,Latvia,2002,0.2656
1559,LVA,Latvia,2003,0.2484
1560,LVA,Latvia,2004,0.2312
1561,LVA,Latvia,2005,0.214
1562,LVA,Latvia,2006,0.2216
1563,LVA,Latvia,2007,0.2292
1564,LVA,Latvia,2008,0.2368
1565,LVA,Latvia,2009,0.2444
1566,LVA,Latvia,2010,0.252
1567,LVA,Latvia,2011,0.242
1568,LVA,Latvia,2012,0.232
1569,LVA,Latvia,2013,0.222
1570,LVA,Latvia,2014,0.1666
1571,LVA,Latvia,2015,0.1666
1572,LVA,Latvia,2016,0.1666
1573,LVA,Latvia,2017,0.1666
1574,LVA,Latvia,2018,0.1666
1575,LVA,Latvia,2019,0.1666
1576,LVA,Latvia,2020,0.1666
1577,LVA,Latvia,2021,0.1666
1578,LVA,Latvia,2022,0.1666
1579,LBN,Lebanon,2013,0.413
1580,LBN,Lebanon,2014,0.3848
1581,LBN,Lebanon,2015,0.3848
1582,LBN,Lebanon,2016,0.3848
1583,LBN,Lebanon,2017,0.3848
1584,LBN,Lebanon,2018,0.3848
1585,LBN,Lebanon,2019,0.3848
1586,LBN,Lebanon,2020,0.3848
1587,LBN,Lebanon,2021,0.3848
1588,LBN,Lebanon,2022,0.3848
1589,LSO,Lesotho,2000,0.6
1590,LSO,Lesotho,2001,0.5964
1591,LSO,Lesotho,2002,0.5928
1592,LSO,Lesotho,2003,0.5892
1593,LSO,Lesotho,2004,0.5856
1594,LSO,Lesotho,2005,0.582
1595,LSO,Lesotho,2006,0.5778
1596,LSO,Lesotho,2007,0.5736
1597,LSO,Lesotho,2008,0.5694
1598,LSO,Lesotho,2009,0.5652
1599,LSO,Lesotho,2010,0.561
1600,LSO,Lesotho,2011,0.559666667
1601,LSO,Lesotho,2012,0.558333333
1602,LSO,Lesotho,2013,0.557
1603,LSO,Lesotho,2014,0.5406
1604,LSO,Lesotho,2015,0.5406
1605,LSO,Lesotho,2016,0.5406
1606,LSO,Lesotho,2017,0.5406
1607,LSO,Lesotho,2018,0.5406
1608,LSO,Lesotho,2019,0.5406
1609,LSO,Lesotho,2020,0.5406
1610,LSO,Lesotho,2021,0.5406
1611,LSO,Lesotho,2022,0.5406
1612,LBR,Liberia,2000,0.688
1613,LBR,Liberia,2001,0.6854
1614,LBR,Liberia,2002,0.6828
1615,LBR,Liberia,2003,0.6802
1616,LBR,Liberia,2004,0.6776
1617,LBR,Liberia,2005,0.675
1618,LBR,Liberia,2006,0.6714
1619,LBR,Liberia,2007,0.6678
1620,LBR,Liberia,2008,0.6642
1621,LBR,Liberia,2009,0.6606
1622,LBR,Liberia,2010,0.657
1623,LBR,Liberia,2011,0.656333333
1624,LBR,Liberia,2012,0.655666667
1625,LBR,Liberia,2013,0.655
1626,LBR,Liberia,2014,0.6512
1627,LBR,Liberia,2015,0.6512
1628,LBR,Liberia,2016,0.6512
1629,LBR,Liberia,2017,0.6512
1630,LBR,Liberia,2018,0.6512
1631,LBR,Liberia,2019,0.6512
1632,LBR,Liberia,2020,0.6512
1633,LBR,Liberia,2021,0.6512
1634,LBR,Liberia,2022,0.6512
1635,LBY,Libya,2005,0.339
1636,LBY,Libya,2006,0.327
1637,LBY,Libya,2007,0.315
1638,LBY,Libya,2008,0.303
1639,LBY,Libya,2009,0.291
1640,LBY,Libya,2010,0.279
1641,LBY,Libya,2011,0.257666667
1642,LBY,Libya,2012,0.236333333
1643,LBY,Libya,2013,0.215
1644,LBY,Libya,2014,0.134
1645,LBY,Libya,2015,0.134
1646,LBY,Libya,2016,0.134
1647,LBY,Libya,2017,0.134
1648,LBY,Libya,2018,0.134
1649,LBY,Libya,2019,0.134
1650,LBY,Libya,2020,0.134
1651,LBY,Libya,2021,0.134
1652,LBY,Libya,2022,0.134
1653,LTU,Lithuania,2005,0.193
1654,LTU,Lithuania,2006,0.1878
1655,LTU,Lithuania,2007,0.1826
1656,LTU,Lithuania,2008,0.1774
1657,LTU,Lithuania,2009,0.1722
1658,LTU,Lithuania,2010,0.167
1659,LTU,Lithuania,2011,0.15
1660,LTU,Lithuania,2012,0.133
1661,LTU,Lithuania,2013,0.116
1662,LTU,Lithuania,2014,0.1247
1663,LTU,Lithuania,2015,0.1247
1664,LTU,Lithuania,2016,0.1247
1665,LTU,Lithuania,2017,0.1247
1666,LTU,Lithuania,2018,0.1247
1667,LTU,Lithuania,2019,0.1247
1668,LTU,Lithuania,2020,0.1247
1669,LTU,Lithuania,2021,0.1247
1670,LTU,Lithuania,2022,0.1247
1671,LUX,Luxembourg,2000,0.169
1672,LUX,Luxembourg,2001,0.1704
1673,LUX,Luxembourg,2002,0.1718
1674,LUX,Luxembourg,2003,0.1732
1675,LUX,Luxembourg,2004,0.1746
1676,LUX,Luxembourg,2005,0.176
1677,LUX,Luxembourg,2006,0.1764
1678,LUX,Luxembourg,2007,0.1768
1679,LUX,Luxembourg,2008,0.1772
1680,LUX,Luxembourg,2009,0.1776
1681,LUX,Luxembourg,2010,0.178
1682,LUX,Luxembourg,2011,0.17
1683,LUX,Luxembourg,2012,0.162
1684,LUX,Luxembourg,2013,0.154
1685,LUX,Luxembourg,2014,0.0999
1686,LUX,Luxembourg,2015,0.0999
1687,LUX,Luxembourg,2016,0.0999
1688,LUX,Luxembourg,2017,0.0999
1689,LUX,Luxembourg,2018,0.0999
1690,LUX,Luxembourg,2019,0.0999
1691,LUX,Luxembourg,2020,0.0999
1692,LUX,Luxembourg,2021,0.0999
1693,LUX,Luxembourg,2022,0.0999
1694,MWI,Malawi,2005,0.654
1695,MWI,Malawi,2006,0.643
1696,MWI,Malawi,2007,0.632
1697,MWI,Malawi,2008,0.621
1698,MWI,Malawi,2009,0.61
1699,MWI,Malawi,2010,0.599
1700,MWI,Malawi,2011,0.596333333
1701,MWI,Malawi,2012,0.593666667
1702,MWI,Malawi,2013,0.591
1703,MWI,Malawi,2014,0.6111
1704,MWI,Malawi,2015,0.6111
1705,MWI,Malawi,2016,0.6111
1706,MWI,Malawi,2017,0.6111
1707,MWI,Malawi,2018,0.6111
1708,MWI,Malawi,2019,0.6111
1709,MWI,Malawi,2020,0.6111
1710,MWI,Malawi,2021,0.6111
1711,MWI,Malawi,2022,0.6111
1712,MYS,Malaysia,2000,0.31
1713,MYS,Malaysia,2001,0.306
1714,MYS,Malaysia,2002,0.302
1715,MYS,Malaysia,2003,0.298
1716,MYS,Malaysia,2004,0.294
1717,MYS,Malaysia,2005,0.29
1718,MYS,Malaysia,2006,0.2858
1719,MYS,Malaysia,2007,0.2816
1720,MYS,Malaysia,2008,0.2774
1721,MYS,Malaysia,2009,0.2732
1722,MYS,Malaysia,2010,0.269
1723,MYS,Malaysia,2011,0.249333333
1724,MYS,Malaysia,2012,0.229666667
1725,MYS,Malaysia,2013,0.21
1726,MYS,Malaysia,2014,0.209
1727,MYS,Malaysia,2015,0.209
1728,MYS,Malaysia,2016,0.209
1729,MYS,Malaysia,2017,0.209
1730,MYS,Malaysia,2018,0.209
1731,MYS,Malaysia,2019,0.209
1732,MYS,Malaysia,2020,0.209
1733,MYS,Malaysia,2021,0.209
1734,MYS,Malaysia,2022,0.209
1735,MDV,Maldives,2005,0.424
1736,MDV,Maldives,2006,0.4092
1737,MDV,Maldives,2007,0.3944
1738,MDV,Maldives,2008,0.3796
1739,MDV,Maldives,2009,0.3648
1740,MDV,Maldives,2010,0.35
1741,MDV,Maldives,2011,0.327666667
1742,MDV,Maldives,2012,0.305333333
1743,MDV,Maldives,2013,0.283
1744,MDV,Maldives,2014,0.2427
1745,MDV,Maldives,2015,0.2427
1746,MDV,Maldives,2016,0.2427
1747,MDV,Maldives,2017,0.2427
1748,MDV,Maldives,2018,0.2427
1749,MDV,Maldives,2019,0.2427
1750,MDV,Maldives,2020,0.2427
1751,MDV,Maldives,2021,0.2427
1752,MDV,Maldives,2022,0.2427
1753,MLI,Mali,2000,0.707
1754,MLI,Mali,2001,0.7068
1755,MLI,Mali,2002,0.7066
1756,MLI,Mali,2003,0.7064
1757,MLI,Mali,2004,0.7062
1758,MLI,Mali,2005,0.706
1759,MLI,Mali,2006,0.702
1760,MLI,Mali,2007,0.698
1761,MLI,Mali,2008,0.694
1762,MLI,Mali,2009,0.69
1763,MLI,Mali,2010,0.686
1764,MLI,Mali,2011,0.681666667
1765,MLI,Mali,2012,0.677333333
1766,MLI,Mali,2013,0.673
1767,MLI,Mali,2014,0.6767
1768,MLI,Mali,2015,0.6767
1769,MLI,Mali,2016,0.6767
1770,MLI,Mali,2017,0.6767
1771,MLI,Mali,2018,0.6767
1772,MLI,Mali,2019,0.6767
1773,MLI,Mali,2020,0.6767
1774,MLI,Mali,2021,0.6767
1775,MLI,Mali,2022,0.6767
1776,MLT,Malta,2005,0.27
1777,MLT,Malta,2006,0.2694
1778,MLT,Malta,2007,0.2688
1779,MLT,Malta,2008,0.2682
1780,MLT,Malta,2009,0.2676
1781,MLT,Malta,2010,0.267
1782,MLT,Malta,2011,0.251333333
1783,MLT,Malta,2012,0.235666667
1784,MLT,Malta,2013,0.22
1785,MLT,Malta,2014,0.2266
1786,MLT,Malta,2015,0.2266
1787,MLT,Malta,2016,0.2266
1788,MLT,Malta,2017,0.2266
1789,MLT,Malta,2018,0.2266
1790,MLT,Malta,2019,0.2266
1791,MLT,Malta,2020,0.2266
1792,MLT,Malta,2021,0.2266
1793,MLT,Malta,2022,0.2266
1794,MRT,Mauritania,2000,0.763
1795,MRT,Mauritania,2001,0.7518
1796,MRT,Mauritania,2002,0.7406
1797,MRT,Mauritania,2003,0.7294
1798,MRT,Mauritania,2004,0.7182
1799,MRT,Mauritania,2005,0.707
1800,MRT,Mauritania,2006,0.6958
1801,MRT,Mauritania,2007,0.6846
1802,MRT,Mauritania,2008,0.6734
1803,MRT,Mauritania,2009,0.6622
1804,MRT,Mauritania,2010,0.651
1805,MRT,Mauritania,2011,0.648666667
1806,MRT,Mauritania,2012,0.646333333
1807,MRT,Mauritania,2013,0.644
1808,MRT,Mauritania,2014,0.6105
1809,MRT,Mauritania,2015,0.6105
1810,MRT,Mauritania,2016,0.6105
1811,MRT,Mauritania,2017,0.6105
1812,MRT,Mauritania,2018,0.6105
1813,MRT,Mauritania,2019,0.6105
1814,MRT,Mauritania,2020,0.6105
1815,MRT,Mauritania,2021,0.6105
1816,MRT,Mauritania,2022,0.6105
1817,MUS,Mauritius,2005,0.356
1818,MUS,Mauritius,2006,0.361
1819,MUS,Mauritius,2007,0.366
1820,MUS,Mauritius,2008,0.371
1821,MUS,Mauritius,2009,0.376
1822,MUS,Mauritius,2010,0.381
1823,MUS,Mauritius,2011,0.379
1824,MUS,Mauritius,2012,0.377
1825,MUS,Mauritius,2013,0.375
1826,MUS,Mauritius,2014,0.4188
1827,MUS,Mauritius,2015,0.4188
1828,MUS,Mauritius,2016,0.4188
1829,MUS,Mauritius,2017,0.4188
1830,MUS,Mauritius,2018,0.4188
1831,MUS,Mauritius,2019,0.4188
1832,MUS,Mauritius,2020,0.4188
1833,MUS,Mauritius,2021,0.4188
1834,MUS,Mauritius,2022,0.4188
1835,MEX,Mexico,2000,0.494
1836,MEX,Mexico,2001,0.4808
1837,MEX,Mexico,2002,0.4676
1838,MEX,Mexico,2003,0.4544
1839,MEX,Mexico,2004,0.4412
1840,MEX,Mexico,2005,0.428
1841,MEX,Mexico,2006,0.4238
1842,MEX,Mexico,2007,0.4196
1843,MEX,Mexico,2008,0.4154
1844,MEX,Mexico,2009,0.4112
1845,MEX,Mexico,2010,0.407
1846,MEX,Mexico,2011,0.396666667
1847,MEX,Mexico,2012,0.386333333
1848,MEX,Mexico,2013,0.376
1849,MEX,Mexico,2014,0.3728
1850,MEX,Mexico,2015,0.3728
1851,MEX,Mexico,2016,0.3728
1852,MEX,Mexico,2017,0.3728
1853,MEX,Mexico,2018,0.3728
1854,MEX,Mexico,2019,0.3728
1855,MEX,Mexico,2020,0.3728
1856,MEX,Mexico,2021,0.3728
1857,MEX,Mexico,2022,0.3728
1858,MNG,Mongolia,2005,0.401
1859,MNG,Mongolia,2006,0.402
1860,MNG,Mongolia,2007,0.403
1861,MNG,Mongolia,2008,0.404
1862,MNG,Mongolia,2009,0.405
1863,MNG,Mongolia,2010,0.406
1864,MNG,Mongolia,2011,0.377333333
1865,MNG,Mongolia,2012,0.348666667
1866,MNG,Mongolia,2013,0.32
1867,MNG,Mongolia,2014,0.3254
1868,MNG,Mongolia,2015,0.3254
1869,MNG,Mongolia,2016,0.3254
1870,MNG,Mongolia,2017,0.3254
1871,MNG,Mongolia,2018,0.3254
1872,MNG,Mongolia,2019,0.3254
1873,MNG,Mongolia,2020,0.3254
1874,MNG,Mongolia,2021,0.3254
1875,MNG,Mongolia,2022,0.3254
1876,MNE,Montenegro,2014,0.1711
1877,MNE,Montenegro,2015,0.1711
1878,MNE,Montenegro,2016,0.1711
1879,MNE,Montenegro,2017,0.1711
1880,MNE,Montenegro,2018,0.1711
1881,MNE,Montenegro,2019,0.1711
1882,MNE,Montenegro,2020,0.1711
1883,MNE,Montenegro,2021,0.1711
1884,MNE,Montenegro,2022,0.1711
1885,MAR,Morocco,2000,0.664
1886,MAR,Morocco,2001,0.6338
1887,MAR,Morocco,2002,0.6036
1888,MAR,Morocco,2003,0.5734
1889,MAR,Morocco,2004,0.5432
1890,MAR,Morocco,2005,0.513
1891,MAR,Morocco,2006,0.5076
1892,MAR,Morocco,2007,0.5022
1893,MAR,Morocco,2008,0.4968
1894,MAR,Morocco,2009,0.4914
1895,MAR,Morocco,2010,0.486
1896,MAR,Morocco,2011,0.477333333
1897,MAR,Morocco,2012,0.468666667
1898,MAR,Morocco,2013,0.46
1899,MAR,Morocco,2014,0.5249
1900,MAR,Morocco,2015,0.5249
1901,MAR,Morocco,2016,0.5249
1902,MAR,Morocco,2017,0.5249
1903,MAR,Morocco,2018,0.5249
1904,MAR,Morocco,2019,0.5249
1905,MAR,Morocco,2020,0.5249
1906,MAR,Morocco,2021,0.5249
1907,MAR,Morocco,2022,0.5249
1908,MOZ,Mozambique,2000,0.672
1909,MOZ,Mozambique,2001,0.6742
1910,MOZ,Mozambique,2002,0.6764
1911,MOZ,Mozambique,2003,0.6786
1912,MOZ,Mozambique,2004,0.6808
1913,MOZ,Mozambique,2005,0.683
1914,MOZ,Mozambique,2006,0.6796
1915,MOZ,Mozambique,2007,0.6762
1916,MOZ,Mozambique,2008,0.6728
1917,MOZ,Mozambique,2009,0.6694
1918,MOZ,Mozambique,2010,0.666
1919,MOZ,Mozambique,2011,0.663
1920,MOZ,Mozambique,2012,0.66
1921,MOZ,Mozambique,2013,0.657
1922,MOZ,Mozambique,2014,0.5907
1923,MOZ,Mozambique,2015,0.5907
1924,MOZ,Mozambique,2016,0.5907
1925,MOZ,Mozambique,2017,0.5907
1926,MOZ,Mozambique,2018,0.5907
1927,MOZ,Mozambique,2019,0.5907
1928,MOZ,Mozambique,2020,0.5907
1929,MOZ,Mozambique,2021,0.5907
1930,MOZ,Mozambique,2022,0.5907
1931,MMR,Myanmar,2010,0.459
1932,MMR,Myanmar,2011,0.449333333
1933,MMR,Myanmar,2012,0.439666667
1934,MMR,Myanmar,2013,0.43
1935,MMR,Myanmar,2014,0.4134
1936,MMR,Myanmar,2015,0.4134
1937,MMR,Myanmar,2016,0.4134
1938,MMR,Myanmar,2017,0.4134
1939,MMR,Myanmar,2018,0.4134
1940,MMR,Myanmar,2019,0.4134
1941,MMR,Myanmar,2020,0.4134
1942,MMR,Myanmar,2021,0.4134
1943,MMR,Myanmar,2022,0.4134
1944,NAM,Namibia,2000,0.519
1945,NAM,Namibia,2001,0.5158
1946,NAM,Namibia,2002,0.5126
1947,NAM,Namibia,2003,0.5094
1948,NAM,Namibia,2004,0.5062
1949,NAM,Namibia,2005,0.503
1950,NAM,Namibia,2006,0.4966
1951,NAM,Namibia,2007,0.4902
1952,NAM,Namibia,2008,0.4838
1953,NAM,Namibia,2009,0.4774
1954,NAM,Namibia,2010,0.471
1955,NAM,Namibia,2011,0.464
1956,NAM,Namibia,2012,0.457
1957,NAM,Namibia,2013,0.45
1958,NAM,Namibia,2014,0.401
1959,NAM,Namibia,2015,0.401
1960,NAM,Namibia,2016,0.401
1961,NAM,Namibia,2017,0.401
1962,NAM,Namibia,2018,0.401
1963,NAM,Namibia,2019,0.401
1964,NAM,Namibia,2020,0.401
1965,NAM,Namibia,2021,0.401
1966,NAM,Namibia,2022,0.401
1967,NPL,Nepal,2000,0.658
1968,NPL,Nepal,2001,0.6524
1969,NPL,Nepal,2002,0.6468
1970,NPL,Nepal,2003,0.6412
1971,NPL,Nepal,2004,0.6356
1972,NPL,Nepal,2005,0.63
1973,NPL,Nepal,2006,0.6032
1974,NPL,Nepal,2007,0.5764
1975,NPL,Nepal,2008,0.5496
1976,NPL,Nepal,2009,0.5228
1977,NPL,Nepal,2010,0.496
1978,NPL,Nepal,2011,0.490333333
1979,NPL,Nepal,2012,0.484666667
1980,NPL,Nepal,2013,0.479
1981,NPL,Nepal,2014,0.4886
1982,NPL,Nepal,2015,0.4886
1983,NPL,Nepal,2016,0.4886
1984,NPL,Nepal,2017,0.4886
1985,NPL,Nepal,2018,0.4886
1986,NPL,Nepal,2019,0.4886
1987,NPL,Nepal,2020,0.4886
1988,NPL,Nepal,2021,0.4886
1989,NPL,Nepal,2022,0.4886
1990,NLD,Netherlands,2000,0.078
1991,NLD,Netherlands,2001,0.0762
1992,NLD,Netherlands,2002,0.0744
1993,NLD,Netherlands,2003,0.0726
1994,NLD,Netherlands,2004,0.0708
1995,NLD,Netherlands,2005,0.069
1996,NLD,Netherlands,2006,0.0652
1997,NLD,Netherlands,2007,0.0614
1998,NLD,Netherlands,2008,0.0576
1999,NLD,Netherlands,2009,0.0538
2000,NLD,Netherlands,2010,0.05
2001,NLD,Netherlands,2011,0.052333333
2002,NLD,Netherlands,2012,0.054666667
2003,NLD,Netherlands,2013,0.057
2004,NLD,Netherlands,2014,0.0624
2005,NLD,Netherlands,2015,0.0624
2006,NLD,Netherlands,2016,0.0624
2007,NLD,Netherlands,2017,0.0624
2008,NLD,Netherlands,2018,0.0624
2009,NLD,Netherlands,2019,0.0624
2010,NLD,Netherlands,2020,0.0624
2011,NLD,Netherlands,2021,0.0624
2012,NLD,Netherlands,2022,0.0624
2013,NZL,New Zealand,2000,0.191
2014,NZL,New Zealand,2001,0.1914
2015,NZL,New Zealand,2002,0.1918
2016,NZL,New Zealand,2003,0.1922
2017,NZL,New Zealand,2004,0.1926
2018,NZL,New Zealand,2005,0.193
2019,NZL,New Zealand,2006,0.194
2020,NZL,New Zealand,2007,0.195
2021,NZL,New Zealand,2008,0.196
2022,NZL,New Zealand,2009,0.197
2023,NZL,New Zealand,2010,0.198
2024,NZL,New Zealand,2011,0.193666667
2025,NZL,New Zealand,2012,0.189333333
2026,NZL,New Zealand,2013,0.185
2027,NZL,New Zealand,2014,0.1572
2028,NZL,New Zealand,2015,0.1572
2029,NZL,New Zealand,2016,0.1572
2030,NZL,New Zealand,2017,0.1572
2031,NZL,New Zealand,2018,0.1572
2032,NZL,New Zealand,2019,0.1572
2033,NZL,New Zealand,2020,0.1572
2034,NZL,New Zealand,2021,0.1572
2035,NZL,New Zealand,2022,0.1572
2036,NIC,Nicaragua,2005,0.528
2037,NIC,Nicaragua,2006,0.5234
2038,NIC,Nicaragua,2007,0.5188
2039,NIC,Nicaragua,2008,0.5142
2040,NIC,Nicaragua,2009,0.5096
2041,NIC,Nicaragua,2010,0.505
2042,NIC,Nicaragua,2011,0.489333333
2043,NIC,Nicaragua,2012,0.473666667
2044,NIC,Nicaragua,2013,0.458
2045,NIC,Nicaragua,2014,0.4485
2046,NIC,Nicaragua,2015,0.4485
2047,NIC,Nicaragua,2016,0.4485
2048,NIC,Nicaragua,2017,0.4485
2049,NIC,Nicaragua,2018,0.4485
2050,NIC,Nicaragua,2019,0.4485
2051,NIC,Nicaragua,2020,0.4485
2052,NIC,Nicaragua,2021,0.4485
2053,NIC,Nicaragua,2022,0.4485
2054,NER,Niger,2000,0.818
2055,NER,Niger,2001,0.8002
2056,NER,Niger,2002,0.7824
2057,NER,Niger,2003,0.7646
2058,NER,Niger,2004,0.7468
2059,NER,Niger,2005,0.729
2060,NER,Niger,2006,0.722125
2061,NER,Niger,2007,0.71525
2062,NER,Niger,2008,0.708375
2063,NER,Niger,2009,0.7015
2064,NER,Niger,2010,0.694625
2065,NER,Niger,2011,0.68775
2066,NER,Niger,2012,0.680875
2067,NER,Niger,2013,0.674
2068,NER,Niger,2014,0.7132
2069,NER,Niger,2015,0.7132
2070,NER,Niger,2016,0.7132
2071,NER,Niger,2017,0.7132
2072,NER,Niger,2018,0.7132
2073,NER,Niger,2019,0.7132
2074,NER,Niger,2020,0.7132
2075,NER,Niger,2021,0.7132
2076,NER,Niger,2022,0.7132
2077,MKD,North Macedonia,2013,0.162
2078,MKD,North Macedonia,2014,0.1636
2079,MKD,North Macedonia,2015,0.1636
2080,MKD,North Macedonia,2016,0.1636
2081,MKD,North Macedonia,2017,0.1636
2082,MKD,North Macedonia,2018,0.1636
2083,MKD,North Macedonia,2019,0.1636
2084,MKD,North Macedonia,2020,0.1636
2085,MKD,North Macedonia,2021,0.1636
2086,MKD,North Macedonia,2022,0.1636
2087,NOR,Norway,2000,0.106
2088,NOR,Norway,2001,0.1018
2089,NOR,Norway,2002,0.0976
2090,NOR,Norway,2003,0.0934
2091,NOR,Norway,2004,0.0892
2092,NOR,Norway,2005,0.085
2093,NOR,Norway,2006,0.083
2094,NOR,Norway,2007,0.081
2095,NOR,Norway,2008,0.079
2096,NOR,Norway,2009,0.077
2097,NOR,Norway,2010,0.075
2098,NOR,Norway,2011,0.072666667
2099,NOR,Norway,2012,0.070333333
2100,NOR,Norway,2013,0.068
2101,NOR,Norway,2014,0.0674
2102,NOR,Norway,2015,0.0674
2103,NOR,Norway,2016,0.0674
2104,NOR,Norway,2017,0.0674
2105,NOR,Norway,2018,0.0674
2106,NOR,Norway,2019,0.0674
2107,NOR,Norway,2020,0.0674
2108,NOR,Norway,2021,0.0674
2109,NOR,Norway,2022,0.0674
2110,OMN,Oman,2013,0.348
2111,OMN,Oman,2014,0.2753
2112,OMN,Oman,2015,0.2753
2113,OMN,Oman,2016,0.2753
2114,OMN,Oman,2017,0.2753
2115,OMN,Oman,2018,0.2753
2116,OMN,Oman,2019,0.2753
2117,OMN,Oman,2020,0.2753
2118,OMN,Oman,2021,0.2753
2119,OMN,Oman,2022,0.2753
2120,PAK,Pakistan,2005,0.613
2121,PAK,Pakistan,2006,0.6026
2122,PAK,Pakistan,2007,0.5922
2123,PAK,Pakistan,2008,0.5818
2124,PAK,Pakistan,2009,0.5714
2125,PAK,Pakistan,2010,0.561
2126,PAK,Pakistan,2011,0.561666667
2127,PAK,Pakistan,2012,0.562333333
2128,PAK,Pakistan,2013,0.563
2129,PAK,Pakistan,2014,0.5359
2130,PAK,Pakistan,2015,0.5359
2131,PAK,Pakistan,2016,0.5359
2132,PAK,Pakistan,2017,0.5359
2133,PAK,Pakistan,2018,0.5359
2134,PAK,Pakistan,2019,0.5359
2135,PAK,Pakistan,2020,0.5359
2136,PAK,Pakistan,2021,0.5359
2137,PAK,Pakistan,2022,0.5359
2138,PAN,Panama,2005,0.486
2139,PAN,Panama,2006,0.491
2140,PAN,Panama,2007,0.496
2141,PAN,Panama,2008,0.501
2142,PAN,Panama,2009,0.506
2143,PAN,Panama,2010,0.511
2144,PAN,Panama,2011,0.509333333
2145,PAN,Panama,2012,0.507666667
2146,PAN,Panama,2013,0.506
2147,PAN,Panama,2014,0.4539
2148,PAN,Panama,2015,0.4539
2149,PAN,Panama,2016,0.4539
2150,PAN,Panama,2017,0.4539
2151,PAN,Panama,2018,0.4539
2152,PAN,Panama,2019,0.4539
2153,PAN,Panama,2020,0.4539
2154,PAN,Panama,2021,0.4539
2155,PAN,Panama,2022,0.4539
2156,PNG,Papua New Guinea,2000,0.664
2157,PNG,Papua New Guinea,2001,0.6684
2158,PNG,Papua New Guinea,2002,0.6728
2159,PNG,Papua New Guinea,2003,0.6772
2160,PNG,Papua New Guinea,2004,0.6816
2161,PNG,Papua New Guinea,2005,0.686
2162,PNG,Papua New Guinea,2006,0.6836
2163,PNG,Papua New Guinea,2007,0.6812
2164,PNG,Papua New Guinea,2008,0.6788
2165,PNG,Papua New Guinea,2009,0.6764
2166,PNG,Papua New Guinea,2010,0.674
2167,PNG,Papua New Guinea,2011,0.655
2168,PNG,Papua New Guinea,2012,0.636
2169,PNG,Papua New Guinea,2013,0.617
2170,PNG,Papua New Guinea,2014,0.6113
2171,PNG,Papua New Guinea,2015,0.6113
2172,PNG,Papua New Guinea,2016,0.6113
2173,PNG,Papua New Guinea,2017,0.6113
2174,PNG,Papua New Guinea,2018,0.6113
2175,PNG,Papua New Guinea,2019,0.6113
2176,PNG,Papua New Guinea,2020,0.6113
2177,PNG,Papua New Guinea,2021,0.6113
2178,PNG,Papua New Guinea,2022,0.6113
2179,PRY,Paraguay,2000,0.541
2180,PRY,Paraguay,2001,0.5364
2181,PRY,Paraguay,2002,0.5318
2182,PRY,Paraguay,2003,0.5272
2183,PRY,Paraguay,2004,0.5226
2184,PRY,Paraguay,2005,0.518
2185,PRY,Paraguay,2006,0.5104
2186,PRY,Paraguay,2007,0.5028
2187,PRY,Paraguay,2008,0.4952
2188,PRY,Paraguay,2009,0.4876
2189,PRY,Paraguay,2010,0.48
2190,PRY,Paraguay,2011,0.472333333
2191,PRY,Paraguay,2012,0.464666667
2192,PRY,Paraguay,2013,0.457
2193,PRY,Paraguay,2014,0.4718
2194,PRY,Paraguay,2015,0.4718
2195,PRY,Paraguay,2016,0.4718
2196,PRY,Paraguay,2017,0.4718
2197,PRY,Paraguay,2018,0.4718
2198,PRY,Paraguay,2019,0.4718
2199,PRY,Paraguay,2020,0.4718
2200,PRY,Paraguay,2021,0.4718
2201,PRY,Paraguay,2022,0.4718
2202,PER,Peru,2005,0.442
2203,PER,Peru,2006,0.4304
2204,PER,Peru,2007,0.4188
2205,PER,Peru,2008,0.4072
2206,PER,Peru,2009,0.3956
2207,PER,Peru,2010,0.384
2208,PER,Peru,2011,0.385
2209,PER,Peru,2012,0.386
2210,PER,Peru,2013,0.387
2211,PER,Peru,2014,0.4059
2212,PER,Peru,2015,0.4059
2213,PER,Peru,2016,0.4059
2214,PER,Peru,2017,0.4059
2215,PER,Peru,2018,0.4059
2216,PER,Peru,2019,0.4059
2217,PER,Peru,2020,0.4059
2218,PER,Peru,2021,0.4059
2219,PER,Peru,2022,0.4059
2220,PHL,Philippines,2000,0.477
2221,PHL,Philippines,2001,0.4732
2222,PHL,Philippines,2002,0.4694
2223,PHL,Philippines,2003,0.4656
2224,PHL,Philippines,2004,0.4618
2225,PHL,Philippines,2005,0.458
2226,PHL,Philippines,2006,0.4524
2227,PHL,Philippines,2007,0.4468
2228,PHL,Philippines,2008,0.4412
2229,PHL,Philippines,2009,0.4356
2230,PHL,Philippines,2010,0.43
2231,PHL,Philippines,2011,0.422
2232,PHL,Philippines,2012,0.414
2233,PHL,Philippines,2013,0.406
2234,PHL,Philippines,2014,0.4196
2235,PHL,Philippines,2015,0.4196
2236,PHL,Philippines,2016,0.4196
2237,PHL,Philippines,2017,0.4196
2238,PHL,Philippines,2018,0.4196
2239,PHL,Philippines,2019,0.4196
2240,PHL,Philippines,2020,0.4196
2241,PHL,Philippines,2021,0.4196
2242,PHL,Philippines,2022,0.4196
2243,POL,Poland,2000,0.208
2244,POL,Poland,2001,0.1984
2245,POL,Poland,2002,0.1888
2246,POL,Poland,2003,0.1792
2247,POL,Poland,2004,0.1696
2248,POL,Poland,2005,0.16
2249,POL,Poland,2006,0.1608
2250,POL,Poland,2007,0.1616
2251,POL,Poland,2008,0.1624
2252,POL,Poland,2009,0.1632
2253,POL,Poland,2010,0.164
2254,POL,Poland,2011,0.155666667
2255,POL,Poland,2012,0.147333333
2256,POL,Poland,2013,0.139
2257,POL,Poland,2014,0.1378
2258,POL,Poland,2015,0.1378
2259,POL,Poland,2016,0.1378
2260,POL,Poland,2017,0.1378
2261,POL,Poland,2018,0.1378
2262,POL,Poland,2019,0.1378
2263,POL,Poland,2020,0.1378
2264,POL,Poland,2021,0.1378
2265,POL,Poland,2022,0.1378
2266,PRT,Portugal,2000,0.189
2267,PRT,Portugal,2001,0.1852
2268,PRT,Portugal,2002,0.1814
2269,PRT,Portugal,2003,0.1776
2270,PRT,Portugal,2004,0.1738
2271,PRT,Portugal,2005,0.17
2272,PRT,Portugal,2006,0.1636
2273,PRT,Portugal,2007,0.1572
2274,PRT,Portugal,2008,0.1508
2275,PRT,Portugal,2009,0.1444
2276,PRT,Portugal,2010,0.138
2277,PRT,Portugal,2011,0.130666667
2278,PRT,Portugal,2012,0.123333333
2279,PRT,Portugal,2013,0.116
2280,PRT,Portugal,2014,0.111
2281,PRT,Portugal,2015,0.111
2282,PRT,Portugal,2016,0.111
2283,PRT,Portugal,2017,0.111
2284,PRT,Portugal,2018,0.111
2285,PRT,Portugal,2019,0.111
2286,PRT,Portugal,2020,0.111
2287,PRT,Portugal,2021,0.111
2288,PRT,Portugal,2022,0.111
2289,QAT,Qatar,2010,0.547
2290,QAT,Qatar,2011,0.539333333
2291,QAT,Qatar,2012,0.531666667
2292,QAT,Qatar,2013,0.524
2293,QAT,Qatar,2014,0.5241
2294,QAT,Qatar,2015,0.5241
2295,QAT,Qatar,2016,0.5241
2296,QAT,Qatar,2017,0.5241
2297,QAT,Qatar,2018,0.5241
2298,QAT,Qatar,2019,0.5241
2299,QAT,Qatar,2020,0.5241
2300,QAT,Qatar,2021,0.5241
2301,QAT,Qatar,2022,0.5241
2302,KOR,"Korea, Rep.",2005,0.116
2303,KOR,"Korea, Rep.",2006,0.1132
2304,KOR,"Korea, Rep.",2007,0.1104
2305,KOR,"Korea, Rep.",2008,0.1076
2306,KOR,"Korea, Rep.",2009,0.1048
2307,KOR,"Korea, Rep.",2010,0.102
2308,KOR,"Korea, Rep.",2011,0.101666667
2309,KOR,"Korea, Rep.",2012,0.101333333
2310,KOR,"Korea, Rep.",2013,0.101
2311,KOR,"Korea, Rep.",2014,0.1247
2312,KOR,"Korea, Rep.",2015,0.1247
2313,KOR,"Korea, Rep.",2016,0.1247
2314,KOR,"Korea, Rep.",2017,0.1247
2315,KOR,"Korea, Rep.",2018,0.1247
2316,KOR,"Korea, Rep.",2019,0.1247
2317,KOR,"Korea, Rep.",2020,0.1247
2318,KOR,"Korea, Rep.",2021,0.1247
2319,KOR,"Korea, Rep.",2022,0.1247
2320,MDA,Moldova,2005,0.311
2321,MDA,Moldova,2006,0.3128
2322,MDA,Moldova,2007,0.3146
2323,MDA,Moldova,2008,0.3164
2324,MDA,Moldova,2009,0.3182
2325,MDA,Moldova,2010,0.32
2326,MDA,Moldova,2011,0.314
2327,MDA,Moldova,2012,0.308
2328,MDA,Moldova,2013,0.302
2329,MDA,Moldova,2014,0.2482
2330,MDA,Moldova,2015,0.2482
2331,MDA,Moldova,2016,0.2482
2332,MDA,Moldova,2017,0.2482
2333,MDA,Moldova,2018,0.2482
2334,MDA,Moldova,2019,0.2482
2335,MDA,Moldova,2020,0.2482
2336,MDA,Moldova,2021,0.2482
2337,MDA,Moldova,2022,0.2482
2338,ROU,Romania,2005,0.33
2339,ROU,Romania,2006,0.3302
2340,ROU,Romania,2007,0.3304
2341,ROU,Romania,2008,0.3306
2342,ROU,Romania,2009,0.3308
2343,ROU,Romania,2010,0.331
2344,ROU,Romania,2011,0.327333333
2345,ROU,Romania,2012,0.323666667
2346,ROU,Romania,2013,0.32
2347,ROU,Romania,2014,0.333
2348,ROU,Romania,2015,0.333
2349,ROU,Romania,2016,0.333
2350,ROU,Romania,2017,0.333
2351,ROU,Romania,2018,0.333
2352,ROU,Romania,2019,0.333
2353,ROU,Romania,2020,0.333
2354,ROU,Romania,2021,0.333
2355,ROU,Romania,2022,0.333
2356,RUS,Russian Federation,2000,0.425
2357,RUS,Russian Federation,2001,0.4102
2358,RUS,Russian Federation,2002,0.3954
2359,RUS,Russian Federation,2003,0.3806
2360,RUS,Russian Federation,2004,0.3658
2361,RUS,Russian Federation,2005,0.351
2362,RUS,Russian Federation,2006,0.3462
2363,RUS,Russian Federation,2007,0.3414
2364,RUS,Russian Federation,2008,0.3366
2365,RUS,Russian Federation,2009,0.3318
2366,RUS,Russian Federation,2010,0.327
2367,RUS,Russian Federation,2011,0.322666667
2368,RUS,Russian Federation,2012,0.318333333
2369,RUS,Russian Federation,2013,0.314
2370,RUS,Russian Federation,2014,0.2758
2371,RUS,Russian Federation,2015,0.2758
2372,RUS,Russian Federation,2016,0.2758
2373,RUS,Russian Federation,2017,0.2758
2374,RUS,Russian Federation,2018,0.2758
2375,RUS,Russian Federation,2019,0.2758
2376,RUS,Russian Federation,2020,0.2758
2377,RUS,Russian Federation,2021,0.2758
2378,RUS,Russian Federation,2022,0.2758
2379,RWA,Rwanda,2000,0.544
2380,RWA,Rwanda,2001,0.5296
2381,RWA,Rwanda,2002,0.5152
2382,RWA,Rwanda,2003,0.5008
2383,RWA,Rwanda,2004,0.4864
2384,RWA,Rwanda,2005,0.472
2385,RWA,Rwanda,2006,0.4632
2386,RWA,Rwanda,2007,0.4544
2387,RWA,Rwanda,2008,0.4456
2388,RWA,Rwanda,2009,0.4368
2389,RWA,Rwanda,2010,0.428
2390,RWA,Rwanda,2011,0.422
2391,RWA,Rwanda,2012,0.416
2392,RWA,Rwanda,2013,0.41
2393,RWA,Rwanda,2014,0.4005
2394,RWA,Rwanda,2015,0.4005
2395,RWA,Rwanda,2016,0.4005
2396,RWA,Rwanda,2017,0.4005
2397,RWA,Rwanda,2018,0.4005
2398,RWA,Rwanda,2019,0.4005
2399,RWA,Rwanda,2020,0.4005
2400,RWA,Rwanda,2021,0.4005
2401,RWA,Rwanda,2022,0.4005
2402,WSM,Samoa,2013,0.517
2403,WSM,Samoa,2014,0.4571
2404,WSM,Samoa,2015,0.4571
2405,WSM,Samoa,2016,0.4571
2406,WSM,Samoa,2017,0.4571
2407,WSM,Samoa,2018,0.4571
2408,WSM,Samoa,2019,0.4571
2409,WSM,Samoa,2020,0.4571
2410,WSM,Samoa,2021,0.4571
2411,WSM,Samoa,2022,0.4571
2412,SAU,Saudi Arabia,2005,0.685
2413,SAU,Saudi Arabia,2006,0.6792
2414,SAU,Saudi Arabia,2007,0.6734
2415,SAU,Saudi Arabia,2008,0.6676
2416,SAU,Saudi Arabia,2009,0.6618
2417,SAU,Saudi Arabia,2010,0.656
2418,SAU,Saudi Arabia,2011,0.544333333
2419,SAU,Saudi Arabia,2012,0.432666667
2420,SAU,Saudi Arabia,2013,0.321
2421,SAU,Saudi Arabia,2014,0.2843
2422,SAU,Saudi Arabia,2015,0.2843
2423,SAU,Saudi Arabia,2016,0.2843
2424,SAU,Saudi Arabia,2017,0.2843
2425,SAU,Saudi Arabia,2018,0.2843
2426,SAU,Saudi Arabia,2019,0.2843
2427,SAU,Saudi Arabia,2020,0.2843
2428,SAU,Saudi Arabia,2021,0.2843
2429,SAU,Saudi Arabia,2022,0.2843
2430,SEN,Senegal,2000,0.621
2431,SEN,Senegal,2001,0.6152
2432,SEN,Senegal,2002,0.6094
2433,SEN,Senegal,2003,0.6036
2434,SEN,Senegal,2004,0.5978
2435,SEN,Senegal,2005,0.592
2436,SEN,Senegal,2006,0.5844
2437,SEN,Senegal,2007,0.5768
2438,SEN,Senegal,2008,0.5692
2439,SEN,Senegal,2009,0.5616
2440,SEN,Senegal,2010,0.554
2441,SEN,Senegal,2011,0.548333333
2442,SEN,Senegal,2012,0.542666667
2443,SEN,Senegal,2013,0.537
2444,SEN,Senegal,2014,0.5282
2445,SEN,Senegal,2015,0.5282
2446,SEN,Senegal,2016,0.5282
2447,SEN,Senegal,2017,0.5282
2448,SEN,Senegal,2018,0.5282
2449,SEN,Senegal,2019,0.5282
2450,SEN,Senegal,2020,0.5282
2451,SEN,Senegal,2021,0.5282
2452,SEN,Senegal,2022,0.5282
2453,SRB,Serbia,2014,0.1756
2454,SRB,Serbia,2015,0.1756
2455,SRB,Serbia,2016,0.1756
2456,SRB,Serbia,2017,0.1756
2457,SRB,Serbia,2018,0.1756
2458,SRB,Serbia,2019,0.1756
2459,SRB,Serbia,2020,0.1756
2460,SRB,Serbia,2021,0.1756
2461,SRB,Serbia,2022,0.1756
2462,SLE,Sierra Leone,2005,0.658
2463,SLE,Sierra Leone,2006,0.6562
2464,SLE,Sierra Leone,2007,0.6544
2465,SLE,Sierra Leone,2008,0.6526
2466,SLE,Sierra Leone,2009,0.6508
2467,SLE,Sierra Leone,2010,0.649
2468,SLE,Sierra Leone,2011,0.647
2469,SLE,Sierra Leone,2012,0.645
2470,SLE,Sierra Leone,2013,0.643
2471,SLE,Sierra Leone,2014,0.6501
2472,SLE,Sierra Leone,2015,0.6501
2473,SLE,Sierra Leone,2016,0.6501
2474,SLE,Sierra Leone,2017,0.6501
2475,SLE,Sierra Leone,2018,0.6501
2476,SLE,Sierra Leone,2019,0.6501
2477,SLE,Sierra Leone,2020,0.6501
2478,SLE,Sierra Leone,2021,0.6501
2479,SLE,Sierra Leone,2022,0.6501
2480,SGP,Singapore,2005,0.137
2481,SGP,Singapore,2006,0.1284
2482,SGP,Singapore,2007,0.1198
2483,SGP,Singapore,2008,0.1112
2484,SGP,Singapore,2009,0.1026
2485,SGP,Singapore,2010,0.094
2486,SGP,Singapore,2011,0.092666667
2487,SGP,Singapore,2012,0.091333333
2488,SGP,Singapore,2013,0.09
2489,SGP,Singapore,2014,0.0881
2490,SGP,Singapore,2015,0.0881
2491,SGP,Singapore,2016,0.0881
2492,SGP,Singapore,2017,0.0881
2493,SGP,Singapore,2018,0.0881
2494,SGP,Singapore,2019,0.0881
2495,SGP,Singapore,2020,0.0881
2496,SGP,Singapore,2021,0.0881
2497,SGP,Singapore,2022,0.0881
2498,SVK,Slovak Republic,2000,0.249
2499,SVK,Slovak Republic,2001,0.2382
2500,SVK,Slovak Republic,2002,0.2274
2501,SVK,Slovak Republic,2003,0.2166
2502,SVK,Slovak Republic,2004,0.2058
2503,SVK,Slovak Republic,2005,0.195
2504,SVK,Slovak Republic,2006,0.195
2505,SVK,Slovak Republic,2007,0.195
2506,SVK,Slovak Republic,2008,0.195
2507,SVK,Slovak Republic,2009,0.195
2508,SVK,Slovak Republic,2010,0.195
2509,SVK,Slovak Republic,2011,0.184666667
2510,SVK,Slovak Republic,2012,0.174333333
2511,SVK,Slovak Republic,2013,0.164
2512,SVK,Slovak Republic,2014,0.1636
2513,SVK,Slovak Republic,2015,0.1636
2514,SVK,Slovak Republic,2016,0.1636
2515,SVK,Slovak Republic,2017,0.1636
2516,SVK,Slovak Republic,2018,0.1636
2517,SVK,Slovak Republic,2019,0.1636
2518,SVK,Slovak Republic,2020,0.1636
2519,SVK,Slovak Republic,2021,0.1636
2520,SVK,Slovak Republic,2022,0.1636
2521,SVN,Slovenia,2005,0.141
2522,SVN,Slovenia,2006,0.139
2523,SVN,Slovenia,2007,0.137
2524,SVN,Slovenia,2008,0.135
2525,SVN,Slovenia,2009,0.133
2526,SVN,Slovenia,2010,0.131
2527,SVN,Slovenia,2011,0.094333333
2528,SVN,Slovenia,2012,0.057666667
2529,SVN,Slovenia,2013,0.021
2530,SVN,Slovenia,2014,0.0164
2531,SVN,Slovenia,2015,0.0164
2532,SVN,Slovenia,2016,0.0164
2533,SVN,Slovenia,2017,0.0164
2534,SVN,Slovenia,2018,0.0164
2535,SVN,Slovenia,2019,0.0164
2536,SVN,Slovenia,2020,0.0164
2537,SVN,Slovenia,2021,0.0164
2538,SVN,Slovenia,2022,0.0164
2539,ZAF,South Africa,2000,0.513
2540,ZAF,South Africa,2001,0.5118
2541,ZAF,South Africa,2002,0.5106
2542,ZAF,South Africa,2003,0.5094
2543,ZAF,South Africa,2004,0.5082
2544,ZAF,South Africa,2005,0.507
2545,ZAF,South Africa,2006,0.4996
2546,ZAF,South Africa,2007,0.4922
2547,ZAF,South Africa,2008,0.4848
2548,ZAF,South Africa,2009,0.4774
2549,ZAF,South Africa,2010,0.47
2550,ZAF,South Africa,2011,0.467
2551,ZAF,South Africa,2012,0.464
2552,ZAF,South Africa,2013,0.461
2553,ZAF,South Africa,2014,0.4071
2554,ZAF,South Africa,2015,0.4071
2555,ZAF,South Africa,2016,0.4071
2556,ZAF,South Africa,2017,0.4071
2557,ZAF,South Africa,2018,0.4071
2558,ZAF,South Africa,2019,0.4071
2559,ZAF,South Africa,2020,0.4071
2560,ZAF,South Africa,2021,0.4071
2561,ZAF,South Africa,2022,0.4071
2562,ESP,Spain,2000,0.119
2563,ESP,Spain,2001,0.1188
2564,ESP,Spain,2002,0.1186
2565,ESP,Spain,2003,0.1184
2566,ESP,Spain,2004,0.1182
2567,ESP,Spain,2005,0.118
2568,ESP,Spain,2006,0.117
2569,ESP,Spain,2007,0.116
2570,ESP,Spain,2008,0.115
2571,ESP,Spain,2009,0.114
2572,ESP,Spain,2010,0.113
2573,ESP,Spain,2011,0.108666667
2574,ESP,Spain,2012,0.104333333
2575,ESP,Spain,2013,0.1
2576,ESP,Spain,2014,0.0954
2577,ESP,Spain,2015,0.0954
2578,ESP,Spain,2016,0.0954
2579,ESP,Spain,2017,0.0954
2580,ESP,Spain,2018,0.0954
2581,ESP,Spain,2019,0.0954
2582,ESP,Spain,2020,0.0954
2583,ESP,Spain,2021,0.0954
2584,ESP,Spain,2022,0.0954
2585,LKA,Sri Lanka,2005,0.445
2586,LKA,Sri Lanka,2006,0.4376
2587,LKA,Sri Lanka,2007,0.4302
2588,LKA,Sri Lanka,2008,0.4228
2589,LKA,Sri Lanka,2009,0.4154
2590,LKA,Sri Lanka,2010,0.408
2591,LKA,Sri Lanka,2011,0.399666667
2592,LKA,Sri Lanka,2012,0.391333333
2593,LKA,Sri Lanka,2013,0.383
2594,LKA,Sri Lanka,2014,0.3698
2595,LKA,Sri Lanka,2015,0.3698
2596,LKA,Sri Lanka,2016,0.3698
2597,LKA,Sri Lanka,2017,0.3698
2598,LKA,Sri Lanka,2018,0.3698
2599,LKA,Sri Lanka,2019,0.3698
2600,LKA,Sri Lanka,2020,0.3698
2601,LKA,Sri Lanka,2021,0.3698
2602,LKA,Sri Lanka,2022,0.3698
2603,SDN,Sudan,2013,0.628
2604,SDN,Sudan,2014,0.5909
2605,SDN,Sudan,2015,0.5909
2606,SDN,Sudan,2016,0.5909
2607,SDN,Sudan,2017,0.5909
2608,SDN,Sudan,2018,0.5909
2609,SDN,Sudan,2019,0.5909
2610,SDN,Sudan,2020,0.5909
2611,SDN,Sudan,2021,0.5909
2612,SDN,Sudan,2022,0.5909
2613,SUR,Suriname,2013,0.463
2614,SUR,Suriname,2014,0.4626
2615,SUR,Suriname,2015,0.4626
2616,SUR,Suriname,2016,0.4626
2617,SUR,Suriname,2017,0.4626
2618,SUR,Suriname,2018,0.4626
2619,SUR,Suriname,2019,0.4626
2620,SUR,Suriname,2020,0.4626
2621,SUR,Suriname,2021,0.4626
2622,SUR,Suriname,2022,0.4626
2623,SWE,Sweden,2000,0.062
2624,SWE,Sweden,2001,0.0602
2625,SWE,Sweden,2002,0.0584
2626,SWE,Sweden,2003,0.0566
2627,SWE,Sweden,2004,0.0548
2628,SWE,Sweden,2005,0.053
2629,SWE,Sweden,2006,0.0524
2630,SWE,Sweden,2007,0.0518
2631,SWE,Sweden,2008,0.0512
2632,SWE,Sweden,2009,0.0506
2633,SWE,Sweden,2010,0.05
2634,SWE,Sweden,2011,0.051333333
2635,SWE,Sweden,2012,0.052666667
2636,SWE,Sweden,2013,0.054
2637,SWE,Sweden,2014,0.0547
2638,SWE,Sweden,2015,0.0547
2639,SWE,Sweden,2016,0.0547
2640,SWE,Sweden,2017,0.0547
2641,SWE,Sweden,2018,0.0547
2642,SWE,Sweden,2019,0.0547
2643,SWE,Sweden,2020,0.0547
2644,SWE,Sweden,2021,0.0547
2645,SWE,Sweden,2022,0.0547
2646,CHE,Switzerland,2000,0.1
2647,CHE,Switzerland,2001,0.0968
2648,CHE,Switzerland,2002,0.0936
2649,CHE,Switzerland,2003,0.0904
2650,CHE,Switzerland,2004,0.0872
2651,CHE,Switzerland,2005,0.084
2652,CHE,Switzerland,2006,0.0806
2653,CHE,Switzerland,2007,0.0772
2654,CHE,Switzerland,2008,0.0738
2655,CHE,Switzerland,2009,0.0704
2656,CHE,Switzerland,2010,0.067
2657,CHE,Switzerland,2011,0.054666667
2658,CHE,Switzerland,2012,0.042333333
2659,CHE,Switzerland,2013,0.03
2660,CHE,Switzerland,2014,0.0278
2661,CHE,Switzerland,2015,0.0278
2662,CHE,Switzerland,2016,0.0278
2663,CHE,Switzerland,2017,0.0278
2664,CHE,Switzerland,2018,0.0278
2665,CHE,Switzerland,2019,0.0278
2666,CHE,Switzerland,2020,0.0278
2667,CHE,Switzerland,2021,0.0278
2668,CHE,Switzerland,2022,0.0278
2669,SYR,Syrian Arab Republic,2005,0.561
2670,SYR,Syrian Arab Republic,2006,0.558
2671,SYR,Syrian Arab Republic,2007,0.555
2672,SYR,Syrian Arab Republic,2008,0.552
2673,SYR,Syrian Arab Republic,2009,0.549
2674,SYR,Syrian Arab Republic,2010,0.546
2675,SYR,Syrian Arab Republic,2011,0.549333333
2676,SYR,Syrian Arab Republic,2012,0.552666667
2677,SYR,Syrian Arab Republic,2013,0.556
2678,SYR,Syrian Arab Republic,2014,0.5329
2679,SYR,Syrian Arab Republic,2015,0.5329
2680,SYR,Syrian Arab Republic,2016,0.5329
2681,SYR,Syrian Arab Republic,2017,0.5329
2682,SYR,Syrian Arab Republic,2018,0.5329
2683,SYR,Syrian Arab Republic,2019,0.5329
2684,SYR,Syrian Arab Republic,2020,0.5329
2685,SYR,Syrian Arab Republic,2021,0.5329
2686,SYR,Syrian Arab Republic,2022,0.5329
2687,TJK,Tajikistan,2000,0.452
2688,TJK,Tajikistan,2001,0.4386
2689,TJK,Tajikistan,2002,0.4252
2690,TJK,Tajikistan,2003,0.4118
2691,TJK,Tajikistan,2004,0.3984
2692,TJK,Tajikistan,2005,0.385
2693,TJK,Tajikistan,2006,0.384
2694,TJK,Tajikistan,2007,0.383
2695,TJK,Tajikistan,2008,0.382
2696,TJK,Tajikistan,2009,0.381
2697,TJK,Tajikistan,2010,0.38
2698,TJK,Tajikistan,2011,0.381
2699,TJK,Tajikistan,2012,0.382
2700,TJK,Tajikistan,2013,0.383
2701,TJK,Tajikistan,2014,0.3573
2702,TJK,Tajikistan,2015,0.3573
2703,TJK,Tajikistan,2016,0.3573
2704,TJK,Tajikistan,2017,0.3573
2705,TJK,Tajikistan,2018,0.3573
2706,TJK,Tajikistan,2019,0.3573
2707,TJK,Tajikistan,2020,0.3573
2708,TJK,Tajikistan,2021,0.3573
2709,TJK,Tajikistan,2022,0.3573
2710,THA,Thailand,2000,0.458
2711,THA,Thailand,2001,0.4474
2712,THA,Thailand,2002,0.4368
2713,THA,Thailand,2003,0.4262
2714,THA,Thailand,2004,0.4156
2715,THA,Thailand,2005,0.405
2716,THA,Thailand,2006,0.3998
2717,THA,Thailand,2007,0.3946
2718,THA,Thailand,2008,0.3894
2719,THA,Thailand,2009,0.3842
2720,THA,Thailand,2010,0.379
2721,THA,Thailand,2011,0.374
2722,THA,Thailand,2012,0.369
2723,THA,Thailand,2013,0.364
2724,THA,Thailand,2014,0.3796
2725,THA,Thailand,2015,0.3796
2726,THA,Thailand,2016,0.3796
2727,THA,Thailand,2017,0.3796
2728,THA,Thailand,2018,0.3796
2729,THA,Thailand,2019,0.3796
2730,THA,Thailand,2020,0.3796
2731,THA,Thailand,2021,0.3796
2732,THA,Thailand,2022,0.3796
2733,TGO,Togo,2005,0.629
2734,TGO,Togo,2006,0.6222
2735,TGO,Togo,2007,0.6154
2736,TGO,Togo,2008,0.6086
2737,TGO,Togo,2009,0.6018
2738,TGO,Togo,2010,0.595
2739,TGO,Togo,2011,0.589666667
2740,TGO,Togo,2012,0.584333333
2741,TGO,Togo,2013,0.579
2742,TGO,Togo,2014,0.5881
2743,TGO,Togo,2015,0.5881
2744,TGO,Togo,2016,0.5881
2745,TGO,Togo,2017,0.5881
2746,TGO,Togo,2018,0.5881
2747,TGO,Togo,2019,0.5881
2748,TGO,Togo,2020,0.5881
2749,TGO,Togo,2021,0.5881
2750,TGO,Togo,2022,0.5881
2751,TON,Tonga,2000,0.664
2752,TON,Tonga,2001,0.6248
2753,TON,Tonga,2002,0.5856
2754,TON,Tonga,2003,0.5464
2755,TON,Tonga,2004,0.5072
2756,TON,Tonga,2005,0.468
2757,TON,Tonga,2006,0.4696
2758,TON,Tonga,2007,0.4712
2759,TON,Tonga,2008,0.4728
2760,TON,Tonga,2009,0.4744
2761,TON,Tonga,2010,0.476
2762,TON,Tonga,2011,0.47
2763,TON,Tonga,2012,0.464
2764,TON,Tonga,2013,0.458
2765,TON,Tonga,2014,0.6656
2766,TON,Tonga,2015,0.6656
2767,TON,Tonga,2016,0.6656
2768,TON,Tonga,2017,0.6656
2769,TON,Tonga,2018,0.6656
2770,TON,Tonga,2019,0.6656
2771,TON,Tonga,2020,0.6656
2772,TON,Tonga,2021,0.6656
2773,TON,Tonga,2022,0.6656
2774,TTO,Trinidad and Tobago,2005,0.349
2775,TTO,Trinidad and Tobago,2006,0.3442
2776,TTO,Trinidad and Tobago,2007,0.3394
2777,TTO,Trinidad and Tobago,2008,0.3346
2778,TTO,Trinidad and Tobago,2009,0.3298
2779,TTO,Trinidad and Tobago,2010,0.325
2780,TTO,Trinidad and Tobago,2011,0.323666667
2781,TTO,Trinidad and Tobago,2012,0.322333333
2782,TTO,Trinidad and Tobago,2013,0.321
2783,TTO,Trinidad and Tobago,2014,0.3714
2784,TTO,Trinidad and Tobago,2015,0.3714
2785,TTO,Trinidad and Tobago,2016,0.3714
2786,TTO,Trinidad and Tobago,2017,0.3714
2787,TTO,Trinidad and Tobago,2018,0.3714
2788,TTO,Trinidad and Tobago,2019,0.3714
2789,TTO,Trinidad and Tobago,2020,0.3714
2790,TTO,Trinidad and Tobago,2021,0.3714
2791,TTO,Trinidad and Tobago,2022,0.3714
2792,TUN,Tunisia,2005,0.335
2793,TUN,Tunisia,2006,0.32625
2794,TUN,Tunisia,2007,0.3175
2795,TUN,Tunisia,2008,0.30875
2796,TUN,Tunisia,2009,0.3
2797,TUN,Tunisia,2010,0.29125
2798,TUN,Tunisia,2011,0.2825
2799,TUN,Tunisia,2012,0.27375
2800,TUN,Tunisia,2013,0.265
2801,TUN,Tunisia,2014,0.2404
2802,TUN,Tunisia,2015,0.2404
2803,TUN,Tunisia,2016,0.2404
2804,TUN,Tunisia,2017,0.2404
2805,TUN,Tunisia,2018,0.2404
2806,TUN,Tunisia,2019,0.2404
2807,TUN,Tunisia,2020,0.2404
2808,TUN,Tunisia,2021,0.2404
2809,TUN,Tunisia,2022,0.2404
2810,TUR,Turkiye,2005,0.518
2811,TUR,Turkiye,2006,0.4984
2812,TUR,Turkiye,2007,0.4788
2813,TUR,Turkiye,2008,0.4592
2814,TUR,Turkiye,2009,0.4396
2815,TUR,Turkiye,2010,0.42
2816,TUR,Turkiye,2011,0.4
2817,TUR,Turkiye,2012,0.38
2818,TUR,Turkiye,2013,0.36
2819,TUR,Turkiye,2014,0.3588
2820,TUR,Turkiye,2015,0.3588
2821,TUR,Turkiye,2016,0.3588
2822,TUR,Turkiye,2017,0.3588
2823,TUR,Turkiye,2018,0.3588
2824,TUR,Turkiye,2019,0.3588
2825,TUR,Turkiye,2020,0.3588
2826,TUR,Turkiye,2021,0.3588
2827,TUR,Turkiye,2022,0.3588
2828,UGA,Uganda,2000,0.634
2829,UGA,Uganda,2001,0.6266
2830,UGA,Uganda,2002,0.6192
2831,UGA,Uganda,2003,0.6118
2832,UGA,Uganda,2004,0.6044
2833,UGA,Uganda,2005,0.597
2834,UGA,Uganda,2006,0.5885
2835,UGA,Uganda,2007,0.58
2836,UGA,Uganda,2008,0.5715
2837,UGA,Uganda,2009,0.563
2838,UGA,Uganda,2010,0.5545
2839,UGA,Uganda,2011,0.546
2840,UGA,Uganda,2012,0.5375
2841,UGA,Uganda,2013,0.529
2842,UGA,Uganda,2014,0.5381
2843,UGA,Uganda,2015,0.5381
2844,UGA,Uganda,2016,0.5381
2845,UGA,Uganda,2017,0.5381
2846,UGA,Uganda,2018,0.5381
2847,UGA,Uganda,2019,0.5381
2848,UGA,Uganda,2020,0.5381
2849,UGA,Uganda,2021,0.5381
2850,UGA,Uganda,2022,0.5381
2851,UKR,Ukraine,2005,0.357
2852,UKR,Ukraine,2006,0.3558
2853,UKR,Ukraine,2007,0.3546
2854,UKR,Ukraine,2008,0.3534
2855,UKR,Ukraine,2009,0.3522
2856,UKR,Ukraine,2010,0.351
2857,UKR,Ukraine,2011,0.342666667
2858,UKR,Ukraine,2012,0.334333333
2859,UKR,Ukraine,2013,0.326
2860,UKR,Ukraine,2014,0.2864
2861,UKR,Ukraine,2015,0.2864
2862,UKR,Ukraine,2016,0.2864
2863,UKR,Ukraine,2017,0.2864
2864,UKR,Ukraine,2018,0.2864
2865,UKR,Ukraine,2019,0.2864
2866,UKR,Ukraine,2020,0.2864
2867,UKR,Ukraine,2021,0.2864
2868,UKR,Ukraine,2022,0.2864
2869,ARE,United Arab Emirates,2000,0.625
2870,ARE,United Arab Emirates,2001,0.6208
2871,ARE,United Arab Emirates,2002,0.6166
2872,ARE,United Arab Emirates,2003,0.6124
2873,ARE,United Arab Emirates,2004,0.6082
2874,ARE,United Arab Emirates,2005,0.604
2875,ARE,United Arab Emirates,2006,0.53
2876,ARE,United Arab Emirates,2007,0.456
2877,ARE,United Arab Emirates,2008,0.382
2878,ARE,United Arab Emirates,2009,0.308
2879,ARE,United Arab Emirates,2010,0.234
2880,ARE,United Arab Emirates,2011,0.237333333
2881,ARE,United Arab Emirates,2012,0.240666667
2882,ARE,United Arab Emirates,2013,0.244
2883,ARE,United Arab Emirates,2014,0.2322
2884,ARE,United Arab Emirates,2015,0.2322
2885,ARE,United Arab Emirates,2016,0.2322
2886,ARE,United Arab Emirates,2017,0.2322
2887,ARE,United Arab Emirates,2018,0.2322
2888,ARE,United Arab Emirates,2019,0.2322
2889,ARE,United Arab Emirates,2020,0.2322
2890,ARE,United Arab Emirates,2021,0.2322
2891,ARE,United Arab Emirates,2022,0.2322
2892,GBR,United Kingdom,2000,0.228
2893,GBR,United Kingdom,2001,0.2256
2894,GBR,United Kingdom,2002,0.2232
2895,GBR,United Kingdom,2003,0.2208
2896,GBR,United Kingdom,2004,0.2184
2897,GBR,United Kingdom,2005,0.216
2898,GBR,United Kingdom,2006,0.2122
2899,GBR,United Kingdom,2007,0.2084
2900,GBR,United Kingdom,2008,0.2046
2901,GBR,United Kingdom,2009,0.2008
2902,GBR,United Kingdom,2010,0.197
2903,GBR,United Kingdom,2011,0.195666667
2904,GBR,United Kingdom,2012,0.194333333
2905,GBR,United Kingdom,2013,0.193
2906,GBR,United Kingdom,2014,0.1774
2907,GBR,United Kingdom,2015,0.1774
2908,GBR,United Kingdom,2016,0.1774
2909,GBR,United Kingdom,2017,0.1774
2910,GBR,United Kingdom,2018,0.1774
2911,GBR,United Kingdom,2019,0.1774
2912,GBR,United Kingdom,2020,0.1774
2913,GBR,United Kingdom,2021,0.1774
2914,GBR,United Kingdom,2022,0.1774
2915,TZA,Tanzania,2005,0.585
2916,TZA,Tanzania,2006,0.5792
2917,TZA,Tanzania,2007,0.5734
2918,TZA,Tanzania,2008,0.5676
2919,TZA,Tanzania,2009,0.5618
2920,TZA,Tanzania,2010,0.556
2921,TZA,Tanzania,2011,0.555
2922,TZA,Tanzania,2012,0.554
2923,TZA,Tanzania,2013,0.553
2924,TZA,Tanzania,2014,0.5469
2925,TZA,Tanzania,2015,0.5469
2926,TZA,Tanzania,2016,0.5469
2927,TZA,Tanzania,2017,0.5469
2928,TZA,Tanzania,2018,0.5469
2929,TZA,Tanzania,2019,0.5469
2930,TZA,Tanzania,2020,0.5469
2931,TZA,Tanzania,2021,0.5469
2932,TZA,Tanzania,2022,0.5469
2933,USA,United States,2005,0.288
2934,USA,United States,2006,0.2874
2935,USA,United States,2007,0.2868
2936,USA,United States,2008,0.2862
2937,USA,United States,2009,0.2856
2938,USA,United States,2010,0.285
2939,USA,United States,2011,0.277333333
2940,USA,United States,2012,0.269666667
2941,USA,United States,2013,0.262
2942,USA,United States,2014,0.28
2943,USA,United States,2015,0.28
2944,USA,United States,2016,0.28
2945,USA,United States,2017,0.28
2946,USA,United States,2018,0.28
2947,USA,United States,2019,0.28
2948,USA,United States,2020,0.28
2949,USA,United States,2021,0.28
2950,USA,United States,2022,0.28
2951,URY,Uruguay,2000,0.403
2952,URY,Uruguay,2001,0.3996
2953,URY,Uruguay,2002,0.3962
2954,URY,Uruguay,2003,0.3928
2955,URY,Uruguay,2004,0.3894
2956,URY,Uruguay,2005,0.386
2957,URY,Uruguay,2006,0.3802
2958,URY,Uruguay,2007,0.3744
2959,URY,Uruguay,2008,0.3686
2960,URY,Uruguay,2009,0.3628
2961,URY,Uruguay,2010,0.357
2962,URY,Uruguay,2011,0.359333333
2963,URY,Uruguay,2012,0.361666667
2964,URY,Uruguay,2013,0.364
2965,URY,Uruguay,2014,0.3128
2966,URY,Uruguay,2015,0.3128
2967,URY,Uruguay,2016,0.3128
2968,URY,Uruguay,2017,0.3128
2969,URY,Uruguay,2018,0.3128
2970,URY,Uruguay,2019,0.3128
2971,URY,Uruguay,2020,0.3128
2972,URY,Uruguay,2021,0.3128
2973,URY,Uruguay,2022,0.3128
2974,VEN,"Venezuela, RB",2005,0.474
2975,VEN,"Venezuela, RB",2006,0.473
2976,VEN,"Venezuela, RB",2007,0.472
2977,VEN,"Venezuela, RB",2008,0.471
2978,VEN,"Venezuela, RB",2009,0.47
2979,VEN,"Venezuela, RB",2010,0.469
2980,VEN,"Venezuela, RB",2011,0.467333333
2981,VEN,"Venezuela, RB",2012,0.465666667
2982,VEN,"Venezuela, RB",2013,0.464
2983,VEN,"Venezuela, RB",2014,0.4759
2984,VEN,"Venezuela, RB",2015,0.4759
2985,VEN,"Venezuela, RB",2016,0.4759
2986,VEN,"Venezuela, RB",2017,0.4759
2987,VEN,"Venezuela, RB",2018,0.4759
2988,VEN,"Venezuela, RB",2019,0.4759
2989,VEN,"Venezuela, RB",2020,0.4759
2990,VEN,"Venezuela, RB",2021,0.4759
2991,VEN,"Venezuela, RB",2022,0.4759
2992,VNM,Viet Nam,2000,0.363
2993,VNM,Viet Nam,2001,0.3568
2994,VNM,Viet Nam,2002,0.3506
2995,VNM,Viet Nam,2003,0.3444
2996,VNM,Viet Nam,2004,0.3382
2997,VNM,Viet Nam,2005,0.332
2998,VNM,Viet Nam,2006,0.3314
2999,VNM,Viet Nam,2007,0.3308
3000,VNM,Viet Nam,2008,0.3302
3001,VNM,Viet Nam,2009,0.3296
3002,VNM,Viet Nam,2010,0.329
3003,VNM,Viet Nam,2011,0.326666667
3004,VNM,Viet Nam,2012,0.324333333
3005,VNM,Viet Nam,2013,0.322
3006,VNM,Viet Nam,2014,0.3078
3007,VNM,Viet Nam,2015,0.3078
3008,VNM,Viet Nam,2016,0.3078
3009,VNM,Viet Nam,2017,0.3078
3010,VNM,Viet Nam,2018,0.3078
3011,VNM,Viet Nam,2019,0.3078
3012,VNM,Viet Nam,2020,0.3078
3013,VNM,Viet Nam,2021,0.3078
3014,VNM,Viet Nam,2022,0.3078
3015,YEM,"Yemen, Rep.",2000,0.814
3016,YEM,"Yemen, Rep.",2001,0.8068
3017,YEM,"Yemen, Rep.",2002,0.7996
3018,YEM,"Yemen, Rep.",2003,0.7924
3019,YEM,"Yemen, Rep.",2004,0.7852
3020,YEM,"Yemen, Rep.",2005,0.778
3021,YEM,"Yemen, Rep.",2006,0.771
3022,YEM,"Yemen, Rep.",2007,0.764
3023,YEM,"Yemen, Rep.",2008,0.757
3024,YEM,"Yemen, Rep.",2009,0.75
3025,YEM,"Yemen, Rep.",2010,0.743
3026,YEM,"Yemen, Rep.",2011,0.739666667
3027,YEM,"Yemen, Rep.",2012,0.736333333
3028,YEM,"Yemen, Rep.",2013,0.733
3029,YEM,"Yemen, Rep.",2014,0.744
3030,YEM,"Yemen, Rep.",2015,0.744
3031,YEM,"Yemen, Rep.",2016,0.744
3032,YEM,"Yemen, Rep.",2017,0.744
3033,YEM,"Yemen, Rep.",2018,0.744
3034,YEM,"Yemen, Rep.",2019,0.744
3035,YEM,"Yemen, Rep.",2020,0.744
3036,YEM,"Yemen, Rep.",2021,0.744
3037,YEM,"Yemen, Rep.",2022,0.744
3038,ZMB,Zambia,2005,0.635
3039,ZMB,Zambia,2006,0.6308
3040,ZMB,Zambia,2007,0.6266
3041,ZMB,Zambia,2008,0.6224
3042,ZMB,Zambia,2009,0.6182
3043,ZMB,Zambia,2010,0.614
3044,ZMB,Zambia,2011,0.615
3045,ZMB,Zambia,2012,0.616
3046,ZMB,Zambia,2013,0.617
3047,ZMB,Zambia,2014,0.5868
3048,ZMB,Zambia,2015,0.5868
3049,ZMB,Zambia,2016,0.5868
3050,ZMB,Zambia,2017,0.5868
3051,ZMB,Zambia,2018,0.5868
3052,ZMB,Zambia,2019,0.5868
3053,ZMB,Zambia,2020,0.5868
3054,ZMB,Zambia,2021,0.5868
3055,ZMB,Zambia,2022,0.5868
3056,ZWE,Zimbabwe,2005,0.576
3057,ZWE,Zimbabwe,2006,0.5732
3058,ZWE,Zimbabwe,2007,0.5704
3059,ZWE,Zimbabwe,2008,0.5676
3060,ZWE,Zimbabwe,2009,0.5648
3061,ZWE,Zimbabwe,2010,0.562
3062,ZWE,Zimbabwe,2011,0.546666667
3063,ZWE,Zimbabwe,2012,0.531333333
3064,ZWE,Zimbabwe,2013,0.516
3065,ZWE,Zimbabwe,2014,0.504
3066,ZWE,Zimbabwe,2015,0.504
3067,ZWE,Zimbabwe,2016,0.504
3068,ZWE,Zimbabwe,2017,0.504
3069,ZWE,Zimbabwe,2018,0.504
3070,ZWE,Zimbabwe,2019,0.504
3071,ZWE,Zimbabwe,2020,0.504
3072,ZWE,Zimbabwe,2021,0.504
3073,ZWE,Zimbabwe,2022,0.504
